alpha,G,S,N,file,rl_shifters,rl_time_s
0.8,6,6,30,benchmark/dup_dataset/alpha=0.8/6-6-30/01201.txt,24,0.159807
0.8,6,6,30,benchmark/dup_dataset/alpha=0.8/6-6-30/01202.txt,28,0.182773
0.8,6,6,30,benchmark/dup_dataset/alpha=0.8/6-6-30/01203.txt,25,0.171031
0.8,6,6,30,benchmark/dup_dataset/alpha=0.8/6-6-30/01204.txt,35,0.224595
0.8,6,6,30,benchmark/dup_dataset/alpha=0.8/6-6-30/01205.txt,35,0.220405
0.8,6,6,30,benchmark/dup_dataset/alpha=0.8/6-6-30/01206.txt,33,0.198948
0.8,6,6,30,benchmark/dup_dataset/alpha=0.8/6-6-30/01207.txt,28,0.184928
0.8,6,6,30,benchmark/dup_dataset/alpha=0.8/6-6-30/01208.txt,25,0.159423
0.8,6,6,30,benchmark/dup_dataset/alpha=0.8/6-6-30/01209.txt,31,0.180796
0.8,6,6,30,benchmark/dup_dataset/alpha=0.8/6-6-30/01210.txt,32,0.189139
0.8,6,6,30,benchmark/dup_dataset/alpha=0.8/6-6-30/01211.txt,49,0.272768
0.8,6,6,30,benchmark/dup_dataset/alpha=0.8/6-6-30/01212.txt,39,0.216611
0.8,6,6,30,benchmark/dup_dataset/alpha=0.8/6-6-30/01213.txt,31,0.182804
0.8,6,6,30,benchmark/dup_dataset/alpha=0.8/6-6-30/01214.txt,24,0.144193
0.8,6,6,30,benchmark/dup_dataset/alpha=0.8/6-6-30/01215.txt,42,0.232474
0.8,6,6,30,benchmark/dup_dataset/alpha=0.8/6-6-30/01216.txt,26,0.162161
0.8,6,6,30,benchmark/dup_dataset/alpha=0.8/6-6-30/01217.txt,36,0.203847
0.8,6,6,30,benchmark/dup_dataset/alpha=0.8/6-6-30/01218.txt,25,0.162571
0.8,6,6,30,benchmark/dup_dataset/alpha=0.8/6-6-30/01219.txt,34,0.208543
0.8,6,6,30,benchmark/dup_dataset/alpha=0.8/6-6-30/01220.txt,38,0.213347
0.8,6,6,30,benchmark/dup_dataset/alpha=0.8/6-6-30/01221.txt,23,0.135372
0.8,6,6,30,benchmark/dup_dataset/alpha=0.8/6-6-30/01222.txt,33,0.201121
0.8,6,6,30,benchmark/dup_dataset/alpha=0.8/6-6-30/01223.txt,28,0.166847
0.8,6,6,30,benchmark/dup_dataset/alpha=0.8/6-6-30/01224.txt,23,0.136073
0.8,6,6,30,benchmark/dup_dataset/alpha=0.8/6-6-30/01225.txt,16,0.105848
0.8,6,6,30,benchmark/dup_dataset/alpha=0.8/6-6-30/01226.txt,36,0.205633
0.8,6,6,30,benchmark/dup_dataset/alpha=0.8/6-6-30/01227.txt,28,0.173738
0.8,6,6,30,benchmark/dup_dataset/alpha=0.8/6-6-30/01228.txt,35,0.238262
0.8,6,6,30,benchmark/dup_dataset/alpha=0.8/6-6-30/01229.txt,28,0.199345
0.8,6,6,30,benchmark/dup_dataset/alpha=0.8/6-6-30/01230.txt,24,0.161591
0.8,6,6,30,benchmark/dup_dataset/alpha=0.8/6-6-30/01231.txt,36,0.250894
0.8,6,6,30,benchmark/dup_dataset/alpha=0.8/6-6-30/01232.txt,41,0.269549
0.8,6,6,30,benchmark/dup_dataset/alpha=0.8/6-6-30/01233.txt,37,0.25259
0.8,6,6,30,benchmark/dup_dataset/alpha=0.8/6-6-30/01234.txt,31,0.211213
0.8,6,6,30,benchmark/dup_dataset/alpha=0.8/6-6-30/01235.txt,34,0.215314
0.8,6,6,30,benchmark/dup_dataset/alpha=0.8/6-6-30/01236.txt,30,0.18801
0.8,6,6,30,benchmark/dup_dataset/alpha=0.8/6-6-30/01237.txt,36,0.241263
0.8,6,6,30,benchmark/dup_dataset/alpha=0.8/6-6-30/01238.txt,42,0.281188
0.8,6,6,30,benchmark/dup_dataset/alpha=0.8/6-6-30/01239.txt,30,0.212439
0.8,6,6,30,benchmark/dup_dataset/alpha=0.8/6-6-30/01240.txt,25,0.191501
0.8,6,6,30,benchmark/dup_dataset/alpha=0.8/6-6-30/01241.txt,15,0.125503
0.8,6,6,30,benchmark/dup_dataset/alpha=0.8/6-6-30/01242.txt,31,0.202254
0.8,6,6,30,benchmark/dup_dataset/alpha=0.8/6-6-30/01243.txt,47,0.300577
0.8,6,6,30,benchmark/dup_dataset/alpha=0.8/6-6-30/01244.txt,38,0.242662
0.8,6,6,30,benchmark/dup_dataset/alpha=0.8/6-6-30/01245.txt,38,0.257624
0.8,6,6,30,benchmark/dup_dataset/alpha=0.8/6-6-30/01246.txt,37,0.238492
0.8,6,6,30,benchmark/dup_dataset/alpha=0.8/6-6-30/01247.txt,24,0.180513
0.8,6,6,30,benchmark/dup_dataset/alpha=0.8/6-6-30/01248.txt,36,0.238119
0.8,6,6,30,benchmark/dup_dataset/alpha=0.8/6-6-30/01249.txt,30,0.218872
0.8,6,6,30,benchmark/dup_dataset/alpha=0.8/6-6-30/01250.txt,41,0.279176
0.8,6,6,30,benchmark/dup_dataset/alpha=0.8/6-6-30/01251.txt,36,0.254336
0.8,6,6,30,benchmark/dup_dataset/alpha=0.8/6-6-30/01252.txt,33,0.2264
0.8,6,6,30,benchmark/dup_dataset/alpha=0.8/6-6-30/01253.txt,34,0.219886
0.8,6,6,30,benchmark/dup_dataset/alpha=0.8/6-6-30/01254.txt,30,0.207901
0.8,6,6,30,benchmark/dup_dataset/alpha=0.8/6-6-30/01255.txt,23,0.163484
0.8,6,6,30,benchmark/dup_dataset/alpha=0.8/6-6-30/01256.txt,28,0.194568
0.8,6,6,30,benchmark/dup_dataset/alpha=0.8/6-6-30/01257.txt,33,0.215031
0.8,6,6,30,benchmark/dup_dataset/alpha=0.8/6-6-30/01258.txt,40,0.270458
0.8,6,6,30,benchmark/dup_dataset/alpha=0.8/6-6-30/01259.txt,25,0.184257
0.8,6,6,30,benchmark/dup_dataset/alpha=0.8/6-6-30/01260.txt,27,0.189144
0.8,6,6,30,benchmark/dup_dataset/alpha=0.8/6-6-30/01261.txt,37,0.243652
0.8,6,6,30,benchmark/dup_dataset/alpha=0.8/6-6-30/01262.txt,34,0.229576
0.8,6,6,30,benchmark/dup_dataset/alpha=0.8/6-6-30/01263.txt,33,0.215355
0.8,6,6,30,benchmark/dup_dataset/alpha=0.8/6-6-30/01264.txt,22,0.162051
0.8,6,6,30,benchmark/dup_dataset/alpha=0.8/6-6-30/01265.txt,34,0.23379
0.8,6,6,30,benchmark/dup_dataset/alpha=0.8/6-6-30/01266.txt,39,0.258398
0.8,6,6,30,benchmark/dup_dataset/alpha=0.8/6-6-30/01267.txt,24,0.170729
0.8,6,6,30,benchmark/dup_dataset/alpha=0.8/6-6-30/01268.txt,22,0.156785
0.8,6,6,30,benchmark/dup_dataset/alpha=0.8/6-6-30/01269.txt,37,0.242837
0.8,6,6,30,benchmark/dup_dataset/alpha=0.8/6-6-30/01270.txt,30,0.193253
0.8,6,6,30,benchmark/dup_dataset/alpha=0.8/6-6-30/01271.txt,38,0.251957
0.8,6,6,30,benchmark/dup_dataset/alpha=0.8/6-6-30/01272.txt,41,0.270173
0.8,6,6,30,benchmark/dup_dataset/alpha=0.8/6-6-30/01273.txt,32,0.212496
0.8,6,6,30,benchmark/dup_dataset/alpha=0.8/6-6-30/01274.txt,35,0.22028
0.8,6,6,30,benchmark/dup_dataset/alpha=0.8/6-6-30/01275.txt,24,0.162519
0.8,6,6,30,benchmark/dup_dataset/alpha=0.8/6-6-30/01276.txt,29,0.206673
0.8,6,6,30,benchmark/dup_dataset/alpha=0.8/6-6-30/01277.txt,24,0.174532
0.8,6,6,30,benchmark/dup_dataset/alpha=0.8/6-6-30/01278.txt,34,0.227447
0.8,6,6,30,benchmark/dup_dataset/alpha=0.8/6-6-30/01279.txt,28,0.18783
0.8,6,6,30,benchmark/dup_dataset/alpha=0.8/6-6-30/01280.txt,31,0.19462
0.8,6,6,30,benchmark/dup_dataset/alpha=0.8/6-6-30/01281.txt,40,0.23234
0.8,6,6,30,benchmark/dup_dataset/alpha=0.8/6-6-30/01282.txt,37,0.215632
0.8,6,6,30,benchmark/dup_dataset/alpha=0.8/6-6-30/01283.txt,24,0.144389
0.8,6,6,30,benchmark/dup_dataset/alpha=0.8/6-6-30/01284.txt,39,0.223531
0.8,6,6,30,benchmark/dup_dataset/alpha=0.8/6-6-30/01285.txt,29,0.175446
0.8,6,6,30,benchmark/dup_dataset/alpha=0.8/6-6-30/01286.txt,18,0.123188
0.8,6,6,30,benchmark/dup_dataset/alpha=0.8/6-6-30/01287.txt,27,0.166783
0.8,6,6,30,benchmark/dup_dataset/alpha=0.8/6-6-30/01288.txt,23,0.147464
0.8,6,6,30,benchmark/dup_dataset/alpha=0.8/6-6-30/01289.txt,32,0.182974
0.8,6,6,30,benchmark/dup_dataset/alpha=0.8/6-6-30/01290.txt,25,0.156422
0.8,6,6,30,benchmark/dup_dataset/alpha=0.8/6-6-30/01291.txt,24,0.139875
0.8,6,6,30,benchmark/dup_dataset/alpha=0.8/6-6-30/01292.txt,50,0.281153
0.8,6,6,30,benchmark/dup_dataset/alpha=0.8/6-6-30/01293.txt,31,0.18664
0.8,6,6,30,benchmark/dup_dataset/alpha=0.8/6-6-30/01294.txt,44,0.247564
0.8,6,6,30,benchmark/dup_dataset/alpha=0.8/6-6-30/01295.txt,26,0.160656
0.8,6,6,30,benchmark/dup_dataset/alpha=0.8/6-6-30/01296.txt,26,0.160275
0.8,6,6,30,benchmark/dup_dataset/alpha=0.8/6-6-30/01297.txt,25,0.155502
0.8,6,6,30,benchmark/dup_dataset/alpha=0.8/6-6-30/01298.txt,33,0.197607
0.8,6,6,30,benchmark/dup_dataset/alpha=0.8/6-6-30/01299.txt,29,0.184532
0.8,6,6,30,benchmark/dup_dataset/alpha=0.8/6-6-30/01300.txt,38,0.214383
0.8,6,6,31,benchmark/dup_dataset/alpha=0.8/6-6-31/01301.txt,27,0.17307
0.8,6,6,31,benchmark/dup_dataset/alpha=0.8/6-6-31/01302.txt,31,0.190124
0.8,6,6,31,benchmark/dup_dataset/alpha=0.8/6-6-31/01303.txt,38,0.224834
0.8,6,6,31,benchmark/dup_dataset/alpha=0.8/6-6-31/01304.txt,25,0.148577
0.8,6,6,31,benchmark/dup_dataset/alpha=0.8/6-6-31/01305.txt,25,0.155869
0.8,6,6,31,benchmark/dup_dataset/alpha=0.8/6-6-31/01306.txt,45,0.262577
0.8,6,6,31,benchmark/dup_dataset/alpha=0.8/6-6-31/01307.txt,39,0.221955
0.8,6,6,31,benchmark/dup_dataset/alpha=0.8/6-6-31/01308.txt,35,0.183253
0.8,6,6,31,benchmark/dup_dataset/alpha=0.8/6-6-31/01309.txt,38,0.214647
0.8,6,6,31,benchmark/dup_dataset/alpha=0.8/6-6-31/01310.txt,41,0.232644
0.8,6,6,31,benchmark/dup_dataset/alpha=0.8/6-6-31/01311.txt,31,0.199473
0.8,6,6,31,benchmark/dup_dataset/alpha=0.8/6-6-31/01312.txt,32,0.187088
0.8,6,6,31,benchmark/dup_dataset/alpha=0.8/6-6-31/01313.txt,34,0.185911
0.8,6,6,31,benchmark/dup_dataset/alpha=0.8/6-6-31/01314.txt,48,0.274735
0.8,6,6,31,benchmark/dup_dataset/alpha=0.8/6-6-31/01315.txt,40,0.223484
0.8,6,6,31,benchmark/dup_dataset/alpha=0.8/6-6-31/01316.txt,44,0.239718
0.8,6,6,31,benchmark/dup_dataset/alpha=0.8/6-6-31/01317.txt,32,0.182983
0.8,6,6,31,benchmark/dup_dataset/alpha=0.8/6-6-31/01318.txt,32,0.194508
0.8,6,6,31,benchmark/dup_dataset/alpha=0.8/6-6-31/01319.txt,28,0.15904
0.8,6,6,31,benchmark/dup_dataset/alpha=0.8/6-6-31/01320.txt,36,0.209068
0.8,6,6,31,benchmark/dup_dataset/alpha=0.8/6-6-31/01321.txt,44,0.256795
0.8,6,6,31,benchmark/dup_dataset/alpha=0.8/6-6-31/01322.txt,46,0.248954
0.8,6,6,31,benchmark/dup_dataset/alpha=0.8/6-6-31/01323.txt,32,0.194743
0.8,6,6,31,benchmark/dup_dataset/alpha=0.8/6-6-31/01324.txt,30,0.171406
0.8,6,6,31,benchmark/dup_dataset/alpha=0.8/6-6-31/01325.txt,33,0.18316
0.8,6,6,31,benchmark/dup_dataset/alpha=0.8/6-6-31/01326.txt,25,0.174912
0.8,6,6,31,benchmark/dup_dataset/alpha=0.8/6-6-31/01327.txt,23,0.170053
0.8,6,6,31,benchmark/dup_dataset/alpha=0.8/6-6-31/01328.txt,40,0.255379
0.8,6,6,31,benchmark/dup_dataset/alpha=0.8/6-6-31/01329.txt,22,0.161692
0.8,6,6,31,benchmark/dup_dataset/alpha=0.8/6-6-31/01330.txt,35,0.234064
0.8,6,6,31,benchmark/dup_dataset/alpha=0.8/6-6-31/01331.txt,28,0.211029
0.8,6,6,31,benchmark/dup_dataset/alpha=0.8/6-6-31/01332.txt,37,0.244299
0.8,6,6,31,benchmark/dup_dataset/alpha=0.8/6-6-31/01333.txt,25,0.193163
0.8,6,6,31,benchmark/dup_dataset/alpha=0.8/6-6-31/01334.txt,31,0.215765
0.8,6,6,31,benchmark/dup_dataset/alpha=0.8/6-6-31/01335.txt,35,0.220201
0.8,6,6,31,benchmark/dup_dataset/alpha=0.8/6-6-31/01336.txt,36,0.25943
0.8,6,6,31,benchmark/dup_dataset/alpha=0.8/6-6-31/01337.txt,29,0.206631
0.8,6,6,31,benchmark/dup_dataset/alpha=0.8/6-6-31/01338.txt,26,0.183712
0.8,6,6,31,benchmark/dup_dataset/alpha=0.8/6-6-31/01339.txt,28,0.181186
0.8,6,6,31,benchmark/dup_dataset/alpha=0.8/6-6-31/01340.txt,24,0.185615
0.8,6,6,31,benchmark/dup_dataset/alpha=0.8/6-6-31/01341.txt,32,0.216325
0.8,6,6,31,benchmark/dup_dataset/alpha=0.8/6-6-31/01342.txt,34,0.244091
0.8,6,6,31,benchmark/dup_dataset/alpha=0.8/6-6-31/01343.txt,35,0.238983
0.8,6,6,31,benchmark/dup_dataset/alpha=0.8/6-6-31/01344.txt,37,0.246588
0.8,6,6,31,benchmark/dup_dataset/alpha=0.8/6-6-31/01345.txt,34,0.22936
0.8,6,6,31,benchmark/dup_dataset/alpha=0.8/6-6-31/01346.txt,38,0.251579
0.8,6,6,31,benchmark/dup_dataset/alpha=0.8/6-6-31/01347.txt,44,0.287303
0.8,6,6,31,benchmark/dup_dataset/alpha=0.8/6-6-31/01348.txt,32,0.226418
0.8,6,6,31,benchmark/dup_dataset/alpha=0.8/6-6-31/01349.txt,33,0.228326
0.8,6,6,31,benchmark/dup_dataset/alpha=0.8/6-6-31/01350.txt,38,0.252023
0.8,6,6,31,benchmark/dup_dataset/alpha=0.8/6-6-31/01351.txt,34,0.216273
0.8,6,6,31,benchmark/dup_dataset/alpha=0.8/6-6-31/01352.txt,34,0.229471
0.8,6,6,31,benchmark/dup_dataset/alpha=0.8/6-6-31/01353.txt,40,0.270044
0.8,6,6,31,benchmark/dup_dataset/alpha=0.8/6-6-31/01354.txt,29,0.207825
0.8,6,6,31,benchmark/dup_dataset/alpha=0.8/6-6-31/01355.txt,28,0.193891
0.8,6,6,31,benchmark/dup_dataset/alpha=0.8/6-6-31/01356.txt,33,0.235781
0.8,6,6,31,benchmark/dup_dataset/alpha=0.8/6-6-31/01357.txt,42,0.269534
0.8,6,6,31,benchmark/dup_dataset/alpha=0.8/6-6-31/01358.txt,32,0.230321
0.8,6,6,31,benchmark/dup_dataset/alpha=0.8/6-6-31/01359.txt,19,0.131436
0.8,6,6,31,benchmark/dup_dataset/alpha=0.8/6-6-31/01360.txt,36,0.218744
0.8,6,6,31,benchmark/dup_dataset/alpha=0.8/6-6-31/01361.txt,39,0.222821
0.8,6,6,31,benchmark/dup_dataset/alpha=0.8/6-6-31/01362.txt,23,0.144519
0.8,6,6,31,benchmark/dup_dataset/alpha=0.8/6-6-31/01363.txt,49,0.274395
0.8,6,6,31,benchmark/dup_dataset/alpha=0.8/6-6-31/01364.txt,37,0.210939
0.8,6,6,31,benchmark/dup_dataset/alpha=0.8/6-6-31/01365.txt,35,0.209892
0.8,6,6,31,benchmark/dup_dataset/alpha=0.8/6-6-31/01366.txt,28,0.164383
0.8,6,6,31,benchmark/dup_dataset/alpha=0.8/6-6-31/01367.txt,29,0.17531
0.8,6,6,31,benchmark/dup_dataset/alpha=0.8/6-6-31/01368.txt,28,0.179508
0.8,6,6,31,benchmark/dup_dataset/alpha=0.8/6-6-31/01369.txt,34,0.195602
0.8,6,6,31,benchmark/dup_dataset/alpha=0.8/6-6-31/01370.txt,32,0.187014
0.8,6,6,31,benchmark/dup_dataset/alpha=0.8/6-6-31/01371.txt,32,0.198833
0.8,6,6,31,benchmark/dup_dataset/alpha=0.8/6-6-31/01372.txt,31,0.190973
0.8,6,6,31,benchmark/dup_dataset/alpha=0.8/6-6-31/01373.txt,37,0.206005
0.8,6,6,31,benchmark/dup_dataset/alpha=0.8/6-6-31/01374.txt,40,0.235081
0.8,6,6,31,benchmark/dup_dataset/alpha=0.8/6-6-31/01375.txt,30,0.186471
0.8,6,6,31,benchmark/dup_dataset/alpha=0.8/6-6-31/01376.txt,29,0.163216
0.8,6,6,31,benchmark/dup_dataset/alpha=0.8/6-6-31/01377.txt,43,0.244
0.8,6,6,31,benchmark/dup_dataset/alpha=0.8/6-6-31/01378.txt,30,0.184815
0.8,6,6,31,benchmark/dup_dataset/alpha=0.8/6-6-31/01379.txt,35,0.214457
0.8,6,6,31,benchmark/dup_dataset/alpha=0.8/6-6-31/01380.txt,31,0.17889
0.8,6,6,31,benchmark/dup_dataset/alpha=0.8/6-6-31/01381.txt,44,0.238785
0.8,6,6,31,benchmark/dup_dataset/alpha=0.8/6-6-31/01382.txt,26,0.167364
0.8,6,6,31,benchmark/dup_dataset/alpha=0.8/6-6-31/01383.txt,37,0.207573
0.8,6,6,31,benchmark/dup_dataset/alpha=0.8/6-6-31/01384.txt,34,0.197052
0.8,6,6,31,benchmark/dup_dataset/alpha=0.8/6-6-31/01385.txt,47,0.244217
0.8,6,6,31,benchmark/dup_dataset/alpha=0.8/6-6-31/01386.txt,30,0.18216
0.8,6,6,31,benchmark/dup_dataset/alpha=0.8/6-6-31/01387.txt,23,0.151299
0.8,6,6,31,benchmark/dup_dataset/alpha=0.8/6-6-31/01388.txt,33,0.186743
0.8,6,6,31,benchmark/dup_dataset/alpha=0.8/6-6-31/01389.txt,44,0.238403
0.8,6,6,31,benchmark/dup_dataset/alpha=0.8/6-6-31/01390.txt,33,0.201677
0.8,6,6,31,benchmark/dup_dataset/alpha=0.8/6-6-31/01391.txt,39,0.228322
0.8,6,6,31,benchmark/dup_dataset/alpha=0.8/6-6-31/01392.txt,32,0.185458
0.8,6,6,31,benchmark/dup_dataset/alpha=0.8/6-6-31/01393.txt,31,0.178916
0.8,6,6,31,benchmark/dup_dataset/alpha=0.8/6-6-31/01394.txt,38,0.219553
0.8,6,6,31,benchmark/dup_dataset/alpha=0.8/6-6-31/01395.txt,26,0.166354
0.8,6,6,31,benchmark/dup_dataset/alpha=0.8/6-6-31/01396.txt,39,0.220489
0.8,6,6,31,benchmark/dup_dataset/alpha=0.8/6-6-31/01397.txt,33,0.186986
0.8,6,6,31,benchmark/dup_dataset/alpha=0.8/6-6-31/01398.txt,38,0.214209
0.8,6,6,31,benchmark/dup_dataset/alpha=0.8/6-6-31/01399.txt,24,0.140941
0.8,6,6,31,benchmark/dup_dataset/alpha=0.8/6-6-31/01400.txt,31,0.188083
0.8,6,6,32,benchmark/dup_dataset/alpha=0.8/6-6-32/01401.txt,32,0.190601
0.8,6,6,32,benchmark/dup_dataset/alpha=0.8/6-6-32/01402.txt,42,0.253426
0.8,6,6,32,benchmark/dup_dataset/alpha=0.8/6-6-32/01403.txt,45,0.263781
0.8,6,6,32,benchmark/dup_dataset/alpha=0.8/6-6-32/01404.txt,40,0.233846
0.8,6,6,32,benchmark/dup_dataset/alpha=0.8/6-6-32/01405.txt,37,0.213184
0.8,6,6,32,benchmark/dup_dataset/alpha=0.8/6-6-32/01406.txt,31,0.180291
0.8,6,6,32,benchmark/dup_dataset/alpha=0.8/6-6-32/01407.txt,38,0.197315
0.8,6,6,32,benchmark/dup_dataset/alpha=0.8/6-6-32/01408.txt,36,0.217428
0.8,6,6,32,benchmark/dup_dataset/alpha=0.8/6-6-32/01409.txt,43,0.252987
0.8,6,6,32,benchmark/dup_dataset/alpha=0.8/6-6-32/01410.txt,34,0.197134
0.8,6,6,32,benchmark/dup_dataset/alpha=0.8/6-6-32/01411.txt,27,0.160397
0.8,6,6,32,benchmark/dup_dataset/alpha=0.8/6-6-32/01412.txt,37,0.214374
0.8,6,6,32,benchmark/dup_dataset/alpha=0.8/6-6-32/01413.txt,33,0.187533
0.8,6,6,32,benchmark/dup_dataset/alpha=0.8/6-6-32/01414.txt,32,0.191412
0.8,6,6,32,benchmark/dup_dataset/alpha=0.8/6-6-32/01415.txt,38,0.227549
0.8,6,6,32,benchmark/dup_dataset/alpha=0.8/6-6-32/01416.txt,31,0.189981
0.8,6,6,32,benchmark/dup_dataset/alpha=0.8/6-6-32/01417.txt,48,0.3156
0.8,6,6,32,benchmark/dup_dataset/alpha=0.8/6-6-32/01418.txt,31,0.211716
0.8,6,6,32,benchmark/dup_dataset/alpha=0.8/6-6-32/01419.txt,47,0.305593
0.8,6,6,32,benchmark/dup_dataset/alpha=0.8/6-6-32/01420.txt,39,0.265719
0.8,6,6,32,benchmark/dup_dataset/alpha=0.8/6-6-32/01421.txt,37,0.252627
0.8,6,6,32,benchmark/dup_dataset/alpha=0.8/6-6-32/01422.txt,35,0.234191
0.8,6,6,32,benchmark/dup_dataset/alpha=0.8/6-6-32/01423.txt,26,0.202845
0.8,6,6,32,benchmark/dup_dataset/alpha=0.8/6-6-32/01424.txt,44,0.292923
0.8,6,6,32,benchmark/dup_dataset/alpha=0.8/6-6-32/01425.txt,23,0.157785
0.8,6,6,32,benchmark/dup_dataset/alpha=0.8/6-6-32/01426.txt,34,0.211634
0.8,6,6,32,benchmark/dup_dataset/alpha=0.8/6-6-32/01427.txt,27,0.189602
0.8,6,6,32,benchmark/dup_dataset/alpha=0.8/6-6-32/01428.txt,30,0.2019
0.8,6,6,32,benchmark/dup_dataset/alpha=0.8/6-6-32/01429.txt,40,0.269056
0.8,6,6,32,benchmark/dup_dataset/alpha=0.8/6-6-32/01430.txt,34,0.234327
0.8,6,6,32,benchmark/dup_dataset/alpha=0.8/6-6-32/01431.txt,45,0.286624
0.8,6,6,32,benchmark/dup_dataset/alpha=0.8/6-6-32/01432.txt,39,0.245664
0.8,6,6,32,benchmark/dup_dataset/alpha=0.8/6-6-32/01433.txt,31,0.215627
0.8,6,6,32,benchmark/dup_dataset/alpha=0.8/6-6-32/01434.txt,41,0.271202
0.8,6,6,32,benchmark/dup_dataset/alpha=0.8/6-6-32/01435.txt,51,0.324168
0.8,6,6,32,benchmark/dup_dataset/alpha=0.8/6-6-32/01436.txt,32,0.224188
0.8,6,6,32,benchmark/dup_dataset/alpha=0.8/6-6-32/01437.txt,37,0.246476
0.8,6,6,32,benchmark/dup_dataset/alpha=0.8/6-6-32/01438.txt,29,0.196028
0.8,6,6,32,benchmark/dup_dataset/alpha=0.8/6-6-32/01439.txt,35,0.244069
0.8,6,6,32,benchmark/dup_dataset/alpha=0.8/6-6-32/01440.txt,48,0.304123
0.8,6,6,32,benchmark/dup_dataset/alpha=0.8/6-6-32/01441.txt,34,0.197431
0.8,6,6,32,benchmark/dup_dataset/alpha=0.8/6-6-32/01442.txt,30,0.221138
0.8,6,6,32,benchmark/dup_dataset/alpha=0.8/6-6-32/01443.txt,48,0.305933
0.8,6,6,32,benchmark/dup_dataset/alpha=0.8/6-6-32/01444.txt,30,0.185393
0.8,6,6,32,benchmark/dup_dataset/alpha=0.8/6-6-32/01445.txt,22,0.128528
0.8,6,6,32,benchmark/dup_dataset/alpha=0.8/6-6-32/01446.txt,38,0.213441
0.8,6,6,32,benchmark/dup_dataset/alpha=0.8/6-6-32/01447.txt,36,0.20141
0.8,6,6,32,benchmark/dup_dataset/alpha=0.8/6-6-32/01448.txt,32,0.187295
0.8,6,6,32,benchmark/dup_dataset/alpha=0.8/6-6-32/01449.txt,37,0.202574
0.8,6,6,32,benchmark/dup_dataset/alpha=0.8/6-6-32/01450.txt,24,0.15134
0.8,6,6,32,benchmark/dup_dataset/alpha=0.8/6-6-32/01451.txt,31,0.19039
0.8,6,6,32,benchmark/dup_dataset/alpha=0.8/6-6-32/01452.txt,35,0.20164
0.8,6,6,32,benchmark/dup_dataset/alpha=0.8/6-6-32/01453.txt,40,0.236172
0.8,6,6,32,benchmark/dup_dataset/alpha=0.8/6-6-32/01454.txt,36,0.201422
0.8,6,6,32,benchmark/dup_dataset/alpha=0.8/6-6-32/01455.txt,35,0.200242
0.8,6,6,32,benchmark/dup_dataset/alpha=0.8/6-6-32/01456.txt,30,0.178444
0.8,6,6,32,benchmark/dup_dataset/alpha=0.8/6-6-32/01457.txt,39,0.224748
0.8,6,6,32,benchmark/dup_dataset/alpha=0.8/6-6-32/01458.txt,43,0.236331
0.8,6,6,32,benchmark/dup_dataset/alpha=0.8/6-6-32/01459.txt,43,0.248863
0.8,6,6,32,benchmark/dup_dataset/alpha=0.8/6-6-32/01460.txt,26,0.162618
0.8,6,6,32,benchmark/dup_dataset/alpha=0.8/6-6-32/01461.txt,35,0.208788
0.8,6,6,32,benchmark/dup_dataset/alpha=0.8/6-6-32/01462.txt,28,0.158962
0.8,6,6,32,benchmark/dup_dataset/alpha=0.8/6-6-32/01463.txt,39,0.217892
0.8,6,6,32,benchmark/dup_dataset/alpha=0.8/6-6-32/01464.txt,45,0.244563
0.8,6,6,32,benchmark/dup_dataset/alpha=0.8/6-6-32/01465.txt,36,0.199888
0.8,6,6,32,benchmark/dup_dataset/alpha=0.8/6-6-32/01466.txt,37,0.210571
0.8,6,6,32,benchmark/dup_dataset/alpha=0.8/6-6-32/01467.txt,31,0.203409
0.8,6,6,32,benchmark/dup_dataset/alpha=0.8/6-6-32/01468.txt,34,0.237133
0.8,6,6,32,benchmark/dup_dataset/alpha=0.8/6-6-32/01469.txt,40,0.262305
0.8,6,6,32,benchmark/dup_dataset/alpha=0.8/6-6-32/01470.txt,31,0.22535
0.8,6,6,32,benchmark/dup_dataset/alpha=0.8/6-6-32/01471.txt,44,0.293333
0.8,6,6,32,benchmark/dup_dataset/alpha=0.8/6-6-32/01472.txt,30,0.20301
0.8,6,6,32,benchmark/dup_dataset/alpha=0.8/6-6-32/01473.txt,30,0.207204
0.8,6,6,32,benchmark/dup_dataset/alpha=0.8/6-6-32/01474.txt,35,0.242489
0.8,6,6,32,benchmark/dup_dataset/alpha=0.8/6-6-32/01475.txt,52,0.328131
0.8,6,6,32,benchmark/dup_dataset/alpha=0.8/6-6-32/01476.txt,20,0.143856
0.8,6,6,32,benchmark/dup_dataset/alpha=0.8/6-6-32/01477.txt,30,0.22039
0.8,6,6,32,benchmark/dup_dataset/alpha=0.8/6-6-32/01478.txt,33,0.212434
0.8,6,6,32,benchmark/dup_dataset/alpha=0.8/6-6-32/01479.txt,40,0.265611
0.8,6,6,32,benchmark/dup_dataset/alpha=0.8/6-6-32/01480.txt,39,0.225535
0.8,6,6,32,benchmark/dup_dataset/alpha=0.8/6-6-32/01481.txt,29,0.175291
0.8,6,6,32,benchmark/dup_dataset/alpha=0.8/6-6-32/01482.txt,52,0.282304
0.8,6,6,32,benchmark/dup_dataset/alpha=0.8/6-6-32/01483.txt,25,0.152028
0.8,6,6,32,benchmark/dup_dataset/alpha=0.8/6-6-32/01484.txt,26,0.155837
0.8,6,6,32,benchmark/dup_dataset/alpha=0.8/6-6-32/01485.txt,32,0.175977
0.8,6,6,32,benchmark/dup_dataset/alpha=0.8/6-6-32/01486.txt,44,0.248517
0.8,6,6,32,benchmark/dup_dataset/alpha=0.8/6-6-32/01487.txt,31,0.180986
0.8,6,6,32,benchmark/dup_dataset/alpha=0.8/6-6-32/01488.txt,38,0.220565
0.8,6,6,32,benchmark/dup_dataset/alpha=0.8/6-6-32/01489.txt,37,0.214222
0.8,6,6,32,benchmark/dup_dataset/alpha=0.8/6-6-32/01490.txt,31,0.189155
0.8,6,6,32,benchmark/dup_dataset/alpha=0.8/6-6-32/01491.txt,33,0.193292
0.8,6,6,32,benchmark/dup_dataset/alpha=0.8/6-6-32/01492.txt,4,0.020446
0.8,6,6,32,benchmark/dup_dataset/alpha=0.8/6-6-32/01493.txt,34,0.201899
0.8,6,6,32,benchmark/dup_dataset/alpha=0.8/6-6-32/01494.txt,45,0.253132
0.8,6,6,32,benchmark/dup_dataset/alpha=0.8/6-6-32/01495.txt,40,0.221887
0.8,6,6,32,benchmark/dup_dataset/alpha=0.8/6-6-32/01496.txt,33,0.186819
0.8,6,6,32,benchmark/dup_dataset/alpha=0.8/6-6-32/01497.txt,38,0.214269
0.8,6,6,32,benchmark/dup_dataset/alpha=0.8/6-6-32/01498.txt,35,0.204882
0.8,6,6,32,benchmark/dup_dataset/alpha=0.8/6-6-32/01499.txt,33,0.190452
0.8,6,6,32,benchmark/dup_dataset/alpha=0.8/6-6-32/01500.txt,41,0.236056
0.8,6,6,33,benchmark/dup_dataset/alpha=0.8/6-6-33/01501.txt,33,0.197558
0.8,6,6,33,benchmark/dup_dataset/alpha=0.8/6-6-33/01502.txt,31,0.195587
0.8,6,6,33,benchmark/dup_dataset/alpha=0.8/6-6-33/01503.txt,29,0.192909
0.8,6,6,33,benchmark/dup_dataset/alpha=0.8/6-6-33/01504.txt,54,0.29893
0.8,6,6,33,benchmark/dup_dataset/alpha=0.8/6-6-33/01505.txt,41,0.239389
0.8,6,6,33,benchmark/dup_dataset/alpha=0.8/6-6-33/01506.txt,27,0.161247
0.8,6,6,33,benchmark/dup_dataset/alpha=0.8/6-6-33/01507.txt,44,0.250049
0.8,6,6,33,benchmark/dup_dataset/alpha=0.8/6-6-33/01508.txt,44,0.2405
0.8,6,6,33,benchmark/dup_dataset/alpha=0.8/6-6-33/01509.txt,50,0.292833
0.8,6,6,33,benchmark/dup_dataset/alpha=0.8/6-6-33/01510.txt,31,0.171547
0.8,6,6,33,benchmark/dup_dataset/alpha=0.8/6-6-33/01511.txt,36,0.207239
0.8,6,6,33,benchmark/dup_dataset/alpha=0.8/6-6-33/01512.txt,60,0.37531
0.8,6,6,33,benchmark/dup_dataset/alpha=0.8/6-6-33/01513.txt,34,0.228418
0.8,6,6,33,benchmark/dup_dataset/alpha=0.8/6-6-33/01514.txt,51,0.319967
0.8,6,6,33,benchmark/dup_dataset/alpha=0.8/6-6-33/01515.txt,44,0.255814
0.8,6,6,33,benchmark/dup_dataset/alpha=0.8/6-6-33/01516.txt,39,0.236004
0.8,6,6,33,benchmark/dup_dataset/alpha=0.8/6-6-33/01517.txt,35,0.210041
0.8,6,6,33,benchmark/dup_dataset/alpha=0.8/6-6-33/01518.txt,36,0.213496
0.8,6,6,33,benchmark/dup_dataset/alpha=0.8/6-6-33/01519.txt,39,0.230703
0.8,6,6,33,benchmark/dup_dataset/alpha=0.8/6-6-33/01520.txt,42,0.240517
0.8,6,6,33,benchmark/dup_dataset/alpha=0.8/6-6-33/01521.txt,52,0.291429
0.8,6,6,33,benchmark/dup_dataset/alpha=0.8/6-6-33/01522.txt,26,0.168281
0.8,6,6,33,benchmark/dup_dataset/alpha=0.8/6-6-33/01523.txt,42,0.243279
0.8,6,6,33,benchmark/dup_dataset/alpha=0.8/6-6-33/01524.txt,47,0.252718
0.8,6,6,33,benchmark/dup_dataset/alpha=0.8/6-6-33/01525.txt,33,0.187348
0.8,6,6,33,benchmark/dup_dataset/alpha=0.8/6-6-33/01526.txt,28,0.175622
0.8,6,6,33,benchmark/dup_dataset/alpha=0.8/6-6-33/01527.txt,38,0.234556
0.8,6,6,33,benchmark/dup_dataset/alpha=0.8/6-6-33/01528.txt,27,0.173775
0.8,6,6,33,benchmark/dup_dataset/alpha=0.8/6-6-33/01529.txt,23,0.140243
0.8,6,6,33,benchmark/dup_dataset/alpha=0.8/6-6-33/01530.txt,31,0.190666
0.8,6,6,33,benchmark/dup_dataset/alpha=0.8/6-6-33/01531.txt,26,0.171554
0.8,6,6,33,benchmark/dup_dataset/alpha=0.8/6-6-33/01532.txt,41,0.23263
0.8,6,6,33,benchmark/dup_dataset/alpha=0.8/6-6-33/01533.txt,40,0.234773
0.8,6,6,33,benchmark/dup_dataset/alpha=0.8/6-6-33/01534.txt,36,0.212635
0.8,6,6,33,benchmark/dup_dataset/alpha=0.8/6-6-33/01535.txt,36,0.213719
0.8,6,6,33,benchmark/dup_dataset/alpha=0.8/6-6-33/01536.txt,45,0.245431
0.8,6,6,33,benchmark/dup_dataset/alpha=0.8/6-6-33/01537.txt,31,0.172475
0.8,6,6,33,benchmark/dup_dataset/alpha=0.8/6-6-33/01538.txt,28,0.179113
0.8,6,6,33,benchmark/dup_dataset/alpha=0.8/6-6-33/01539.txt,41,0.243959
0.8,6,6,33,benchmark/dup_dataset/alpha=0.8/6-6-33/01540.txt,41,0.233859
0.8,6,6,33,benchmark/dup_dataset/alpha=0.8/6-6-33/01541.txt,33,0.198665
0.8,6,6,33,benchmark/dup_dataset/alpha=0.8/6-6-33/01542.txt,33,0.195577
0.8,6,6,33,benchmark/dup_dataset/alpha=0.8/6-6-33/01543.txt,32,0.185164
0.8,6,6,33,benchmark/dup_dataset/alpha=0.8/6-6-33/01544.txt,37,0.217034
0.8,6,6,33,benchmark/dup_dataset/alpha=0.8/6-6-33/01545.txt,37,0.215316
0.8,6,6,33,benchmark/dup_dataset/alpha=0.8/6-6-33/01546.txt,37,0.218748
0.8,6,6,33,benchmark/dup_dataset/alpha=0.8/6-6-33/01547.txt,44,0.240094
0.8,6,6,33,benchmark/dup_dataset/alpha=0.8/6-6-33/01548.txt,47,0.265262
0.8,6,6,33,benchmark/dup_dataset/alpha=0.8/6-6-33/01549.txt,4,0.023779
0.8,6,6,33,benchmark/dup_dataset/alpha=0.8/6-6-33/01550.txt,38,0.220906
0.8,6,6,33,benchmark/dup_dataset/alpha=0.8/6-6-33/01551.txt,42,0.240555
0.8,6,6,33,benchmark/dup_dataset/alpha=0.8/6-6-33/01552.txt,37,0.210532
0.8,6,6,33,benchmark/dup_dataset/alpha=0.8/6-6-33/01553.txt,47,0.266543
0.8,6,6,33,benchmark/dup_dataset/alpha=0.8/6-6-33/01554.txt,37,0.211784
0.8,6,6,33,benchmark/dup_dataset/alpha=0.8/6-6-33/01555.txt,31,0.188765
0.8,6,6,33,benchmark/dup_dataset/alpha=0.8/6-6-33/01556.txt,37,0.213988
0.8,6,6,33,benchmark/dup_dataset/alpha=0.8/6-6-33/01557.txt,43,0.241293
0.8,6,6,33,benchmark/dup_dataset/alpha=0.8/6-6-33/01558.txt,22,0.141369
0.8,6,6,33,benchmark/dup_dataset/alpha=0.8/6-6-33/01559.txt,4,0.020012
0.8,6,6,33,benchmark/dup_dataset/alpha=0.8/6-6-33/01560.txt,30,0.174744
0.8,6,6,33,benchmark/dup_dataset/alpha=0.8/6-6-33/01561.txt,44,0.247815
0.8,6,6,33,benchmark/dup_dataset/alpha=0.8/6-6-33/01562.txt,31,0.189584
0.8,6,6,33,benchmark/dup_dataset/alpha=0.8/6-6-33/01563.txt,48,0.259273
0.8,6,6,33,benchmark/dup_dataset/alpha=0.8/6-6-33/01564.txt,40,0.238637
0.8,6,6,33,benchmark/dup_dataset/alpha=0.8/6-6-33/01565.txt,22,0.148143
0.8,6,6,33,benchmark/dup_dataset/alpha=0.8/6-6-33/01566.txt,42,0.243195
0.8,6,6,33,benchmark/dup_dataset/alpha=0.8/6-6-33/01567.txt,42,0.225725
0.8,6,6,33,benchmark/dup_dataset/alpha=0.8/6-6-33/01568.txt,40,0.21781
0.8,6,6,33,benchmark/dup_dataset/alpha=0.8/6-6-33/01569.txt,35,0.204258
0.8,6,6,33,benchmark/dup_dataset/alpha=0.8/6-6-33/01570.txt,38,0.223243
0.8,6,6,33,benchmark/dup_dataset/alpha=0.8/6-6-33/01571.txt,37,0.213447
0.8,6,6,33,benchmark/dup_dataset/alpha=0.8/6-6-33/01572.txt,35,0.202572
0.8,6,6,33,benchmark/dup_dataset/alpha=0.8/6-6-33/01573.txt,34,0.190607
0.8,6,6,33,benchmark/dup_dataset/alpha=0.8/6-6-33/01574.txt,33,0.199859
0.8,6,6,33,benchmark/dup_dataset/alpha=0.8/6-6-33/01575.txt,35,0.217482
0.8,6,6,33,benchmark/dup_dataset/alpha=0.8/6-6-33/01576.txt,30,0.178579
0.8,6,6,33,benchmark/dup_dataset/alpha=0.8/6-6-33/01577.txt,48,0.266941
0.8,6,6,33,benchmark/dup_dataset/alpha=0.8/6-6-33/01578.txt,43,0.252815
0.8,6,6,33,benchmark/dup_dataset/alpha=0.8/6-6-33/01579.txt,25,0.159537
0.8,6,6,33,benchmark/dup_dataset/alpha=0.8/6-6-33/01580.txt,43,0.246652
0.8,6,6,33,benchmark/dup_dataset/alpha=0.8/6-6-33/01581.txt,53,0.284776
0.8,6,6,33,benchmark/dup_dataset/alpha=0.8/6-6-33/01582.txt,43,0.247457
0.8,6,6,33,benchmark/dup_dataset/alpha=0.8/6-6-33/01583.txt,33,0.200011
0.8,6,6,33,benchmark/dup_dataset/alpha=0.8/6-6-33/01584.txt,42,0.243871
0.8,6,6,33,benchmark/dup_dataset/alpha=0.8/6-6-33/01585.txt,42,0.238106
0.8,6,6,33,benchmark/dup_dataset/alpha=0.8/6-6-33/01586.txt,44,0.237377
0.8,6,6,33,benchmark/dup_dataset/alpha=0.8/6-6-33/01587.txt,34,0.195564
0.8,6,6,33,benchmark/dup_dataset/alpha=0.8/6-6-33/01588.txt,50,0.270501
0.8,6,6,33,benchmark/dup_dataset/alpha=0.8/6-6-33/01589.txt,47,0.262337
0.8,6,6,33,benchmark/dup_dataset/alpha=0.8/6-6-33/01590.txt,21,0.133379
0.8,6,6,33,benchmark/dup_dataset/alpha=0.8/6-6-33/01591.txt,45,0.264158
0.8,6,6,33,benchmark/dup_dataset/alpha=0.8/6-6-33/01592.txt,40,0.2506
0.8,6,6,33,benchmark/dup_dataset/alpha=0.8/6-6-33/01593.txt,30,0.174978
0.8,6,6,33,benchmark/dup_dataset/alpha=0.8/6-6-33/01594.txt,31,0.182816
0.8,6,6,33,benchmark/dup_dataset/alpha=0.8/6-6-33/01595.txt,33,0.193742
0.8,6,6,33,benchmark/dup_dataset/alpha=0.8/6-6-33/01596.txt,46,0.254671
0.8,6,6,33,benchmark/dup_dataset/alpha=0.8/6-6-33/01597.txt,32,0.187606
0.8,6,6,33,benchmark/dup_dataset/alpha=0.8/6-6-33/01598.txt,39,0.221207
0.8,6,6,33,benchmark/dup_dataset/alpha=0.8/6-6-33/01599.txt,27,0.166904
0.8,6,6,33,benchmark/dup_dataset/alpha=0.8/6-6-33/01600.txt,46,0.262763
0.8,6,6,34,benchmark/dup_dataset/alpha=0.8/6-6-34/01601.txt,32,0.19968
0.8,6,6,34,benchmark/dup_dataset/alpha=0.8/6-6-34/01602.txt,2,0.012245
0.8,6,6,34,benchmark/dup_dataset/alpha=0.8/6-6-34/01603.txt,43,0.247962
0.8,6,6,34,benchmark/dup_dataset/alpha=0.8/6-6-34/01604.txt,47,0.259363
0.8,6,6,34,benchmark/dup_dataset/alpha=0.8/6-6-34/01605.txt,50,0.281814
0.8,6,6,34,benchmark/dup_dataset/alpha=0.8/6-6-34/01606.txt,33,0.18719
0.8,6,6,34,benchmark/dup_dataset/alpha=0.8/6-6-34/01607.txt,41,0.235259
0.8,6,6,34,benchmark/dup_dataset/alpha=0.8/6-6-34/01608.txt,38,0.217334
0.8,6,6,34,benchmark/dup_dataset/alpha=0.8/6-6-34/01609.txt,31,0.186001
0.8,6,6,34,benchmark/dup_dataset/alpha=0.8/6-6-34/01610.txt,35,0.209926
0.8,6,6,34,benchmark/dup_dataset/alpha=0.8/6-6-34/01611.txt,52,0.293954
0.8,6,6,34,benchmark/dup_dataset/alpha=0.8/6-6-34/01612.txt,33,0.209696
0.8,6,6,34,benchmark/dup_dataset/alpha=0.8/6-6-34/01613.txt,27,0.179351
0.8,6,6,34,benchmark/dup_dataset/alpha=0.8/6-6-34/01614.txt,36,0.214157
0.8,6,6,34,benchmark/dup_dataset/alpha=0.8/6-6-34/01615.txt,27,0.160121
0.8,6,6,34,benchmark/dup_dataset/alpha=0.8/6-6-34/01616.txt,36,0.212528
0.8,6,6,34,benchmark/dup_dataset/alpha=0.8/6-6-34/01617.txt,45,0.26122
0.8,6,6,34,benchmark/dup_dataset/alpha=0.8/6-6-34/01618.txt,41,0.236685
0.8,6,6,34,benchmark/dup_dataset/alpha=0.8/6-6-34/01619.txt,35,0.209624
0.8,6,6,34,benchmark/dup_dataset/alpha=0.8/6-6-34/01620.txt,1,0.008394
0.8,6,6,34,benchmark/dup_dataset/alpha=0.8/6-6-34/01621.txt,47,0.266617
0.8,6,6,34,benchmark/dup_dataset/alpha=0.8/6-6-34/01622.txt,4,0.027533
0.8,6,6,34,benchmark/dup_dataset/alpha=0.8/6-6-34/01623.txt,27,0.162698
0.8,6,6,34,benchmark/dup_dataset/alpha=0.8/6-6-34/01624.txt,42,0.2522
0.8,6,6,34,benchmark/dup_dataset/alpha=0.8/6-6-34/01625.txt,40,0.225235
0.8,6,6,34,benchmark/dup_dataset/alpha=0.8/6-6-34/01626.txt,35,0.21061
0.8,6,6,34,benchmark/dup_dataset/alpha=0.8/6-6-34/01627.txt,45,0.258743
0.8,6,6,34,benchmark/dup_dataset/alpha=0.8/6-6-34/01628.txt,33,0.195502
0.8,6,6,34,benchmark/dup_dataset/alpha=0.8/6-6-34/01629.txt,33,0.198296
0.8,6,6,34,benchmark/dup_dataset/alpha=0.8/6-6-34/01630.txt,41,0.22947
0.8,6,6,34,benchmark/dup_dataset/alpha=0.8/6-6-34/01631.txt,53,0.291762
0.8,6,6,34,benchmark/dup_dataset/alpha=0.8/6-6-34/01632.txt,44,0.253207
0.8,6,6,34,benchmark/dup_dataset/alpha=0.8/6-6-34/01633.txt,35,0.202225
0.8,6,6,34,benchmark/dup_dataset/alpha=0.8/6-6-34/01634.txt,43,0.240641
0.8,6,6,34,benchmark/dup_dataset/alpha=0.8/6-6-34/01635.txt,35,0.201296
0.8,6,6,34,benchmark/dup_dataset/alpha=0.8/6-6-34/01636.txt,44,0.249417
0.8,6,6,34,benchmark/dup_dataset/alpha=0.8/6-6-34/01637.txt,38,0.217957
0.8,6,6,34,benchmark/dup_dataset/alpha=0.8/6-6-34/01638.txt,39,0.232119
0.8,6,6,34,benchmark/dup_dataset/alpha=0.8/6-6-34/01639.txt,42,0.249338
0.8,6,6,34,benchmark/dup_dataset/alpha=0.8/6-6-34/01640.txt,25,0.151407
0.8,6,6,34,benchmark/dup_dataset/alpha=0.8/6-6-34/01641.txt,21,0.137082
0.8,6,6,34,benchmark/dup_dataset/alpha=0.8/6-6-34/01642.txt,6,0.038298
0.8,6,6,34,benchmark/dup_dataset/alpha=0.8/6-6-34/01643.txt,32,0.197781
0.8,6,6,34,benchmark/dup_dataset/alpha=0.8/6-6-34/01644.txt,31,0.186344
0.8,6,6,34,benchmark/dup_dataset/alpha=0.8/6-6-34/01645.txt,35,0.205106
0.8,6,6,34,benchmark/dup_dataset/alpha=0.8/6-6-34/01646.txt,29,0.178044
0.8,6,6,34,benchmark/dup_dataset/alpha=0.8/6-6-34/01647.txt,39,0.235999
0.8,6,6,34,benchmark/dup_dataset/alpha=0.8/6-6-34/01648.txt,43,0.254367
0.8,6,6,34,benchmark/dup_dataset/alpha=0.8/6-6-34/01649.txt,3,0.016219
0.8,6,6,34,benchmark/dup_dataset/alpha=0.8/6-6-34/01650.txt,44,0.243241
0.8,6,6,34,benchmark/dup_dataset/alpha=0.8/6-6-34/01651.txt,4,0.027793
0.8,6,6,34,benchmark/dup_dataset/alpha=0.8/6-6-34/01652.txt,45,0.259368
0.8,6,6,34,benchmark/dup_dataset/alpha=0.8/6-6-34/01653.txt,40,0.231761
0.8,6,6,34,benchmark/dup_dataset/alpha=0.8/6-6-34/01654.txt,55,0.311378
0.8,6,6,34,benchmark/dup_dataset/alpha=0.8/6-6-34/01655.txt,40,0.216629
0.8,6,6,34,benchmark/dup_dataset/alpha=0.8/6-6-34/01656.txt,43,0.259081
0.8,6,6,34,benchmark/dup_dataset/alpha=0.8/6-6-34/01657.txt,35,0.214307
0.8,6,6,34,benchmark/dup_dataset/alpha=0.8/6-6-34/01658.txt,31,0.18402
0.8,6,6,34,benchmark/dup_dataset/alpha=0.8/6-6-34/01659.txt,33,0.191265
0.8,6,6,34,benchmark/dup_dataset/alpha=0.8/6-6-34/01660.txt,23,0.140618
0.8,6,6,34,benchmark/dup_dataset/alpha=0.8/6-6-34/01661.txt,46,0.255762
0.8,6,6,34,benchmark/dup_dataset/alpha=0.8/6-6-34/01662.txt,26,0.170986
0.8,6,6,34,benchmark/dup_dataset/alpha=0.8/6-6-34/01663.txt,2,0.012246
0.8,6,6,34,benchmark/dup_dataset/alpha=0.8/6-6-34/01664.txt,47,0.265371
0.8,6,6,34,benchmark/dup_dataset/alpha=0.8/6-6-34/01665.txt,39,0.227087
0.8,6,6,34,benchmark/dup_dataset/alpha=0.8/6-6-34/01666.txt,47,0.263783
0.8,6,6,34,benchmark/dup_dataset/alpha=0.8/6-6-34/01667.txt,41,0.229066
0.8,6,6,34,benchmark/dup_dataset/alpha=0.8/6-6-34/01668.txt,39,0.247952
0.8,6,6,34,benchmark/dup_dataset/alpha=0.8/6-6-34/01669.txt,5,0.028281
0.8,6,6,34,benchmark/dup_dataset/alpha=0.8/6-6-34/01670.txt,35,0.20509
0.8,6,6,34,benchmark/dup_dataset/alpha=0.8/6-6-34/01671.txt,40,0.236933
0.8,6,6,34,benchmark/dup_dataset/alpha=0.8/6-6-34/01672.txt,48,0.265167
0.8,6,6,34,benchmark/dup_dataset/alpha=0.8/6-6-34/01673.txt,28,0.178269
0.8,6,6,34,benchmark/dup_dataset/alpha=0.8/6-6-34/01674.txt,4,0.020877
0.8,6,6,34,benchmark/dup_dataset/alpha=0.8/6-6-34/01675.txt,44,0.252078
0.8,6,6,34,benchmark/dup_dataset/alpha=0.8/6-6-34/01676.txt,27,0.16464
0.8,6,6,34,benchmark/dup_dataset/alpha=0.8/6-6-34/01677.txt,31,0.187158
0.8,6,6,34,benchmark/dup_dataset/alpha=0.8/6-6-34/01678.txt,49,0.279887
0.8,6,6,34,benchmark/dup_dataset/alpha=0.8/6-6-34/01679.txt,40,0.236761
0.8,6,6,34,benchmark/dup_dataset/alpha=0.8/6-6-34/01680.txt,40,0.234058
0.8,6,6,34,benchmark/dup_dataset/alpha=0.8/6-6-34/01681.txt,43,0.252315
0.8,6,6,34,benchmark/dup_dataset/alpha=0.8/6-6-34/01682.txt,35,0.209329
0.8,6,6,34,benchmark/dup_dataset/alpha=0.8/6-6-34/01683.txt,42,0.229846
0.8,6,6,34,benchmark/dup_dataset/alpha=0.8/6-6-34/01684.txt,52,0.301197
0.8,6,6,34,benchmark/dup_dataset/alpha=0.8/6-6-34/01685.txt,35,0.20313
0.8,6,6,34,benchmark/dup_dataset/alpha=0.8/6-6-34/01686.txt,38,0.226018
0.8,6,6,34,benchmark/dup_dataset/alpha=0.8/6-6-34/01687.txt,34,0.202914
0.8,6,6,34,benchmark/dup_dataset/alpha=0.8/6-6-34/01688.txt,57,0.30869
0.8,6,6,34,benchmark/dup_dataset/alpha=0.8/6-6-34/01689.txt,29,0.18635
0.8,6,6,34,benchmark/dup_dataset/alpha=0.8/6-6-34/01690.txt,33,0.202568
0.8,6,6,34,benchmark/dup_dataset/alpha=0.8/6-6-34/01691.txt,34,0.202431
0.8,6,6,34,benchmark/dup_dataset/alpha=0.8/6-6-34/01692.txt,49,0.264956
0.8,6,6,34,benchmark/dup_dataset/alpha=0.8/6-6-34/01693.txt,44,0.249053
0.8,6,6,34,benchmark/dup_dataset/alpha=0.8/6-6-34/01694.txt,48,0.272107
0.8,6,6,34,benchmark/dup_dataset/alpha=0.8/6-6-34/01695.txt,31,0.194703
0.8,6,6,34,benchmark/dup_dataset/alpha=0.8/6-6-34/01696.txt,35,0.214647
0.8,6,6,34,benchmark/dup_dataset/alpha=0.8/6-6-34/01697.txt,36,0.216492
0.8,6,6,34,benchmark/dup_dataset/alpha=0.8/6-6-34/01698.txt,35,0.206626
0.8,6,6,34,benchmark/dup_dataset/alpha=0.8/6-6-34/01699.txt,1,0.00836
0.8,6,6,34,benchmark/dup_dataset/alpha=0.8/6-6-34/01700.txt,28,0.167684
0.8,6,6,35,benchmark/dup_dataset/alpha=0.8/6-6-35/01701.txt,1,0.008479
0.8,6,6,35,benchmark/dup_dataset/alpha=0.8/6-6-35/01702.txt,3,0.016434
0.8,6,6,35,benchmark/dup_dataset/alpha=0.8/6-6-35/01703.txt,38,0.217883
0.8,6,6,35,benchmark/dup_dataset/alpha=0.8/6-6-35/01704.txt,34,0.215996
0.8,6,6,35,benchmark/dup_dataset/alpha=0.8/6-6-35/01705.txt,32,0.192613
0.8,6,6,35,benchmark/dup_dataset/alpha=0.8/6-6-35/01706.txt,26,0.17119
0.8,6,6,35,benchmark/dup_dataset/alpha=0.8/6-6-35/01707.txt,49,0.289697
0.8,6,6,35,benchmark/dup_dataset/alpha=0.8/6-6-35/01708.txt,48,0.252467
0.8,6,6,35,benchmark/dup_dataset/alpha=0.8/6-6-35/01709.txt,31,0.200003
0.8,6,6,35,benchmark/dup_dataset/alpha=0.8/6-6-35/01710.txt,39,0.22722
0.8,6,6,35,benchmark/dup_dataset/alpha=0.8/6-6-35/01711.txt,44,0.249036
0.8,6,6,35,benchmark/dup_dataset/alpha=0.8/6-6-35/01712.txt,53,0.290425
0.8,6,6,35,benchmark/dup_dataset/alpha=0.8/6-6-35/01713.txt,7,0.043368
0.8,6,6,35,benchmark/dup_dataset/alpha=0.8/6-6-35/01714.txt,43,0.251833
0.8,6,6,35,benchmark/dup_dataset/alpha=0.8/6-6-35/01715.txt,45,0.245296
0.8,6,6,35,benchmark/dup_dataset/alpha=0.8/6-6-35/01716.txt,35,0.198204
0.8,6,6,35,benchmark/dup_dataset/alpha=0.8/6-6-35/01717.txt,1,0.008595
0.8,6,6,35,benchmark/dup_dataset/alpha=0.8/6-6-35/01718.txt,39,0.220531
0.8,6,6,35,benchmark/dup_dataset/alpha=0.8/6-6-35/01719.txt,55,0.317163
0.8,6,6,35,benchmark/dup_dataset/alpha=0.8/6-6-35/01720.txt,46,0.256458
0.8,6,6,35,benchmark/dup_dataset/alpha=0.8/6-6-35/01721.txt,39,0.22956
0.8,6,6,35,benchmark/dup_dataset/alpha=0.8/6-6-35/01722.txt,34,0.215544
0.8,6,6,35,benchmark/dup_dataset/alpha=0.8/6-6-35/01723.txt,47,0.283519
0.8,6,6,35,benchmark/dup_dataset/alpha=0.8/6-6-35/01724.txt,44,0.268772
0.8,6,6,35,benchmark/dup_dataset/alpha=0.8/6-6-35/01725.txt,47,0.256195
0.8,6,6,35,benchmark/dup_dataset/alpha=0.8/6-6-35/01726.txt,40,0.225362
0.8,6,6,35,benchmark/dup_dataset/alpha=0.8/6-6-35/01727.txt,44,0.248661
0.8,6,6,35,benchmark/dup_dataset/alpha=0.8/6-6-35/01728.txt,34,0.205229
0.8,6,6,35,benchmark/dup_dataset/alpha=0.8/6-6-35/01729.txt,46,0.266914
0.8,6,6,35,benchmark/dup_dataset/alpha=0.8/6-6-35/01730.txt,37,0.209532
0.8,6,6,35,benchmark/dup_dataset/alpha=0.8/6-6-35/01731.txt,42,0.236316
0.8,6,6,35,benchmark/dup_dataset/alpha=0.8/6-6-35/01732.txt,33,0.202229
0.8,6,6,35,benchmark/dup_dataset/alpha=0.8/6-6-35/01733.txt,21,0.146298
0.8,6,6,35,benchmark/dup_dataset/alpha=0.8/6-6-35/01734.txt,36,0.228512
0.8,6,6,35,benchmark/dup_dataset/alpha=0.8/6-6-35/01735.txt,47,0.313967
0.8,6,6,35,benchmark/dup_dataset/alpha=0.8/6-6-35/01736.txt,34,0.237074
0.8,6,6,35,benchmark/dup_dataset/alpha=0.8/6-6-35/01737.txt,27,0.205854
0.8,6,6,35,benchmark/dup_dataset/alpha=0.8/6-6-35/01738.txt,23,0.177975
0.8,6,6,35,benchmark/dup_dataset/alpha=0.8/6-6-35/01739.txt,31,0.224151
0.8,6,6,35,benchmark/dup_dataset/alpha=0.8/6-6-35/01740.txt,43,0.279974
0.8,6,6,35,benchmark/dup_dataset/alpha=0.8/6-6-35/01741.txt,41,0.275173
0.8,6,6,35,benchmark/dup_dataset/alpha=0.8/6-6-35/01742.txt,31,0.220439
0.8,6,6,35,benchmark/dup_dataset/alpha=0.8/6-6-35/01743.txt,36,0.26123
0.8,6,6,35,benchmark/dup_dataset/alpha=0.8/6-6-35/01744.txt,39,0.260745
0.8,6,6,35,benchmark/dup_dataset/alpha=0.8/6-6-35/01745.txt,34,0.229409
0.8,6,6,35,benchmark/dup_dataset/alpha=0.8/6-6-35/01746.txt,39,0.218131
0.8,6,6,35,benchmark/dup_dataset/alpha=0.8/6-6-35/01747.txt,6,0.03595
0.8,6,6,35,benchmark/dup_dataset/alpha=0.8/6-6-35/01748.txt,38,0.215029
0.8,6,6,35,benchmark/dup_dataset/alpha=0.8/6-6-35/01749.txt,35,0.204333
0.8,6,6,35,benchmark/dup_dataset/alpha=0.8/6-6-35/01750.txt,35,0.203202
0.8,6,6,35,benchmark/dup_dataset/alpha=0.8/6-6-35/01751.txt,39,0.230432
0.8,6,6,35,benchmark/dup_dataset/alpha=0.8/6-6-35/01752.txt,43,0.247834
0.8,6,6,35,benchmark/dup_dataset/alpha=0.8/6-6-35/01753.txt,35,0.202098
0.8,6,6,35,benchmark/dup_dataset/alpha=0.8/6-6-35/01754.txt,29,0.174561
0.8,6,6,35,benchmark/dup_dataset/alpha=0.8/6-6-35/01755.txt,48,0.27022
0.8,6,6,35,benchmark/dup_dataset/alpha=0.8/6-6-35/01756.txt,31,0.186469
0.8,6,6,35,benchmark/dup_dataset/alpha=0.8/6-6-35/01757.txt,30,0.187044
0.8,6,6,35,benchmark/dup_dataset/alpha=0.8/6-6-35/01758.txt,35,0.213201
0.8,6,6,35,benchmark/dup_dataset/alpha=0.8/6-6-35/01759.txt,41,0.244415
0.8,6,6,35,benchmark/dup_dataset/alpha=0.8/6-6-35/01760.txt,41,0.258612
0.8,6,6,35,benchmark/dup_dataset/alpha=0.8/6-6-35/01761.txt,36,0.240508
0.8,6,6,35,benchmark/dup_dataset/alpha=0.8/6-6-35/01762.txt,45,0.251384
0.8,6,6,35,benchmark/dup_dataset/alpha=0.8/6-6-35/01763.txt,44,0.271405
0.8,6,6,35,benchmark/dup_dataset/alpha=0.8/6-6-35/01764.txt,45,0.262792
0.8,6,6,35,benchmark/dup_dataset/alpha=0.8/6-6-35/01765.txt,31,0.19291
0.8,6,6,35,benchmark/dup_dataset/alpha=0.8/6-6-35/01766.txt,41,0.240844
0.8,6,6,35,benchmark/dup_dataset/alpha=0.8/6-6-35/01767.txt,43,0.244405
0.8,6,6,35,benchmark/dup_dataset/alpha=0.8/6-6-35/01768.txt,36,0.219236
0.8,6,6,35,benchmark/dup_dataset/alpha=0.8/6-6-35/01769.txt,30,0.193216
0.8,6,6,35,benchmark/dup_dataset/alpha=0.8/6-6-35/01770.txt,30,0.191296
0.8,6,6,35,benchmark/dup_dataset/alpha=0.8/6-6-35/01771.txt,38,0.217822
0.8,6,6,35,benchmark/dup_dataset/alpha=0.8/6-6-35/01772.txt,43,0.251484
0.8,6,6,35,benchmark/dup_dataset/alpha=0.8/6-6-35/01773.txt,45,0.246297
0.8,6,6,35,benchmark/dup_dataset/alpha=0.8/6-6-35/01774.txt,35,0.214674
0.8,6,6,35,benchmark/dup_dataset/alpha=0.8/6-6-35/01775.txt,41,0.244339
0.8,6,6,35,benchmark/dup_dataset/alpha=0.8/6-6-35/01776.txt,46,0.260778
0.8,6,6,35,benchmark/dup_dataset/alpha=0.8/6-6-35/01777.txt,51,0.278515
0.8,6,6,35,benchmark/dup_dataset/alpha=0.8/6-6-35/01778.txt,27,0.167949
0.8,6,6,35,benchmark/dup_dataset/alpha=0.8/6-6-35/01779.txt,31,0.186507
0.8,6,6,35,benchmark/dup_dataset/alpha=0.8/6-6-35/01780.txt,27,0.155577
0.8,6,6,35,benchmark/dup_dataset/alpha=0.8/6-6-35/01781.txt,42,0.241602
0.8,6,6,35,benchmark/dup_dataset/alpha=0.8/6-6-35/01782.txt,27,0.155885
0.8,6,6,35,benchmark/dup_dataset/alpha=0.8/6-6-35/01783.txt,6,0.035766
0.8,6,6,35,benchmark/dup_dataset/alpha=0.8/6-6-35/01784.txt,47,0.263566
0.8,6,6,35,benchmark/dup_dataset/alpha=0.8/6-6-35/01785.txt,39,0.22355
0.8,6,6,35,benchmark/dup_dataset/alpha=0.8/6-6-35/01786.txt,39,0.229144
0.8,6,6,35,benchmark/dup_dataset/alpha=0.8/6-6-35/01787.txt,36,0.218684
0.8,6,6,35,benchmark/dup_dataset/alpha=0.8/6-6-35/01788.txt,35,0.213572
0.8,6,6,35,benchmark/dup_dataset/alpha=0.8/6-6-35/01789.txt,35,0.20911
0.8,6,6,35,benchmark/dup_dataset/alpha=0.8/6-6-35/01790.txt,41,0.233985
0.8,6,6,35,benchmark/dup_dataset/alpha=0.8/6-6-35/01791.txt,32,0.202717
0.8,6,6,35,benchmark/dup_dataset/alpha=0.8/6-6-35/01792.txt,35,0.211377
0.8,6,6,35,benchmark/dup_dataset/alpha=0.8/6-6-35/01793.txt,37,0.206776
0.8,6,6,35,benchmark/dup_dataset/alpha=0.8/6-6-35/01794.txt,28,0.175385
0.8,6,6,35,benchmark/dup_dataset/alpha=0.8/6-6-35/01795.txt,35,0.214582
0.8,6,6,35,benchmark/dup_dataset/alpha=0.8/6-6-35/01796.txt,51,0.292675
0.8,6,6,35,benchmark/dup_dataset/alpha=0.8/6-6-35/01797.txt,46,0.252933
0.8,6,6,35,benchmark/dup_dataset/alpha=0.8/6-6-35/01798.txt,3,0.020351
0.8,6,6,35,benchmark/dup_dataset/alpha=0.8/6-6-35/01799.txt,28,0.167439
0.8,6,6,35,benchmark/dup_dataset/alpha=0.8/6-6-35/01800.txt,38,0.229382
0.8,6,7,36,benchmark/dup_dataset/alpha=0.8/6-7-36/03701.txt,32,0.198498
0.8,6,7,36,benchmark/dup_dataset/alpha=0.8/6-7-36/03702.txt,41,0.248915
0.8,6,7,36,benchmark/dup_dataset/alpha=0.8/6-7-36/03703.txt,41,0.238253
0.8,6,7,36,benchmark/dup_dataset/alpha=0.8/6-7-36/03704.txt,46,0.26468
0.8,6,7,36,benchmark/dup_dataset/alpha=0.8/6-7-36/03705.txt,41,0.234334
0.8,6,7,36,benchmark/dup_dataset/alpha=0.8/6-7-36/03706.txt,29,0.186156
0.8,6,7,36,benchmark/dup_dataset/alpha=0.8/6-7-36/03707.txt,26,0.16274
0.8,6,7,36,benchmark/dup_dataset/alpha=0.8/6-7-36/03708.txt,29,0.18876
0.8,6,7,36,benchmark/dup_dataset/alpha=0.8/6-7-36/03709.txt,52,0.284861
0.8,6,7,36,benchmark/dup_dataset/alpha=0.8/6-7-36/03710.txt,36,0.206078
0.8,6,7,36,benchmark/dup_dataset/alpha=0.8/6-7-36/03711.txt,48,0.278951
0.8,6,7,36,benchmark/dup_dataset/alpha=0.8/6-7-36/03712.txt,42,0.240243
0.8,6,7,36,benchmark/dup_dataset/alpha=0.8/6-7-36/03713.txt,27,0.16308
0.8,6,7,36,benchmark/dup_dataset/alpha=0.8/6-7-36/03714.txt,41,0.241101
0.8,6,7,36,benchmark/dup_dataset/alpha=0.8/6-7-36/03715.txt,41,0.233794
0.8,6,7,36,benchmark/dup_dataset/alpha=0.8/6-7-36/03716.txt,41,0.24305
0.8,6,7,36,benchmark/dup_dataset/alpha=0.8/6-7-36/03717.txt,31,0.189539
0.8,6,7,36,benchmark/dup_dataset/alpha=0.8/6-7-36/03718.txt,37,0.222456
0.8,6,7,36,benchmark/dup_dataset/alpha=0.8/6-7-36/03719.txt,28,0.171865
0.8,6,7,36,benchmark/dup_dataset/alpha=0.8/6-7-36/03720.txt,40,0.243743
0.8,6,7,36,benchmark/dup_dataset/alpha=0.8/6-7-36/03721.txt,38,0.24195
0.8,6,7,36,benchmark/dup_dataset/alpha=0.8/6-7-36/03722.txt,30,0.196769
0.8,6,7,36,benchmark/dup_dataset/alpha=0.8/6-7-36/03723.txt,48,0.266192
0.8,6,7,36,benchmark/dup_dataset/alpha=0.8/6-7-36/03724.txt,36,0.219031
0.8,6,7,36,benchmark/dup_dataset/alpha=0.8/6-7-36/03725.txt,35,0.212011
0.8,6,7,36,benchmark/dup_dataset/alpha=0.8/6-7-36/03726.txt,29,0.180231
0.8,6,7,36,benchmark/dup_dataset/alpha=0.8/6-7-36/03727.txt,52,0.284233
0.8,6,7,36,benchmark/dup_dataset/alpha=0.8/6-7-36/03728.txt,39,0.229933
0.8,6,7,36,benchmark/dup_dataset/alpha=0.8/6-7-36/03729.txt,30,0.186066
0.8,6,7,36,benchmark/dup_dataset/alpha=0.8/6-7-36/03730.txt,48,0.277417
0.8,6,7,36,benchmark/dup_dataset/alpha=0.8/6-7-36/03731.txt,34,0.217351
0.8,6,7,36,benchmark/dup_dataset/alpha=0.8/6-7-36/03732.txt,33,0.202503
0.8,6,7,36,benchmark/dup_dataset/alpha=0.8/6-7-36/03733.txt,30,0.194107
0.8,6,7,36,benchmark/dup_dataset/alpha=0.8/6-7-36/03734.txt,35,0.210832
0.8,6,7,36,benchmark/dup_dataset/alpha=0.8/6-7-36/03735.txt,28,0.177331
0.8,6,7,36,benchmark/dup_dataset/alpha=0.8/6-7-36/03736.txt,35,0.227
0.8,6,7,36,benchmark/dup_dataset/alpha=0.8/6-7-36/03737.txt,47,0.2698
0.8,6,7,36,benchmark/dup_dataset/alpha=0.8/6-7-36/03738.txt,36,0.23078
0.8,6,7,36,benchmark/dup_dataset/alpha=0.8/6-7-36/03739.txt,39,0.218305
0.8,6,7,36,benchmark/dup_dataset/alpha=0.8/6-7-36/03740.txt,47,0.274217
0.8,6,7,36,benchmark/dup_dataset/alpha=0.8/6-7-36/03741.txt,40,0.226013
0.8,6,7,36,benchmark/dup_dataset/alpha=0.8/6-7-36/03742.txt,44,0.253792
0.8,6,7,36,benchmark/dup_dataset/alpha=0.8/6-7-36/03743.txt,46,0.259008
0.8,6,7,36,benchmark/dup_dataset/alpha=0.8/6-7-36/03744.txt,40,0.237136
0.8,6,7,36,benchmark/dup_dataset/alpha=0.8/6-7-36/03745.txt,45,0.259117
0.8,6,7,36,benchmark/dup_dataset/alpha=0.8/6-7-36/03746.txt,42,0.252032
0.8,6,7,36,benchmark/dup_dataset/alpha=0.8/6-7-36/03747.txt,54,0.301066
0.8,6,7,36,benchmark/dup_dataset/alpha=0.8/6-7-36/03748.txt,38,0.236628
0.8,6,7,36,benchmark/dup_dataset/alpha=0.8/6-7-36/03749.txt,48,0.283758
0.8,6,7,36,benchmark/dup_dataset/alpha=0.8/6-7-36/03750.txt,48,0.274625
0.8,6,7,36,benchmark/dup_dataset/alpha=0.8/6-7-36/03751.txt,26,0.159572
0.8,6,7,36,benchmark/dup_dataset/alpha=0.8/6-7-36/03752.txt,32,0.193798
0.8,6,7,36,benchmark/dup_dataset/alpha=0.8/6-7-36/03753.txt,26,0.164267
0.8,6,7,36,benchmark/dup_dataset/alpha=0.8/6-7-36/03754.txt,41,0.237672
0.8,6,7,36,benchmark/dup_dataset/alpha=0.8/6-7-36/03755.txt,48,0.273323
0.8,6,7,36,benchmark/dup_dataset/alpha=0.8/6-7-36/03756.txt,32,0.194099
0.8,6,7,36,benchmark/dup_dataset/alpha=0.8/6-7-36/03757.txt,28,0.182346
0.8,6,7,36,benchmark/dup_dataset/alpha=0.8/6-7-36/03758.txt,33,0.204422
0.8,6,7,36,benchmark/dup_dataset/alpha=0.8/6-7-36/03759.txt,54,0.304672
0.8,6,7,36,benchmark/dup_dataset/alpha=0.8/6-7-36/03760.txt,23,0.153249
0.8,6,7,36,benchmark/dup_dataset/alpha=0.8/6-7-36/03761.txt,34,0.203032
0.8,6,7,36,benchmark/dup_dataset/alpha=0.8/6-7-36/03762.txt,49,0.265151
0.8,6,7,36,benchmark/dup_dataset/alpha=0.8/6-7-36/03763.txt,50,0.289515
0.8,6,7,36,benchmark/dup_dataset/alpha=0.8/6-7-36/03764.txt,42,0.245058
0.8,6,7,36,benchmark/dup_dataset/alpha=0.8/6-7-36/03765.txt,45,0.258924
0.8,6,7,36,benchmark/dup_dataset/alpha=0.8/6-7-36/03766.txt,31,0.187023
0.8,6,7,36,benchmark/dup_dataset/alpha=0.8/6-7-36/03767.txt,31,0.188726
0.8,6,7,36,benchmark/dup_dataset/alpha=0.8/6-7-36/03768.txt,53,0.293167
0.8,6,7,36,benchmark/dup_dataset/alpha=0.8/6-7-36/03769.txt,39,0.233427
0.8,6,7,36,benchmark/dup_dataset/alpha=0.8/6-7-36/03770.txt,32,0.189034
0.8,6,7,36,benchmark/dup_dataset/alpha=0.8/6-7-36/03771.txt,40,0.235941
0.8,6,7,36,benchmark/dup_dataset/alpha=0.8/6-7-36/03772.txt,35,0.207452
0.8,6,7,36,benchmark/dup_dataset/alpha=0.8/6-7-36/03773.txt,29,0.174457
0.8,6,7,36,benchmark/dup_dataset/alpha=0.8/6-7-36/03774.txt,44,0.249559
0.8,6,7,36,benchmark/dup_dataset/alpha=0.8/6-7-36/03775.txt,35,0.205249
0.8,6,7,36,benchmark/dup_dataset/alpha=0.8/6-7-36/03776.txt,35,0.221576
0.8,6,7,36,benchmark/dup_dataset/alpha=0.8/6-7-36/03777.txt,32,0.200625
0.8,6,7,36,benchmark/dup_dataset/alpha=0.8/6-7-36/03778.txt,25,0.157466
0.8,6,7,36,benchmark/dup_dataset/alpha=0.8/6-7-36/03779.txt,33,0.200451
0.8,6,7,36,benchmark/dup_dataset/alpha=0.8/6-7-36/03780.txt,34,0.216283
0.8,6,7,36,benchmark/dup_dataset/alpha=0.8/6-7-36/03781.txt,47,0.267396
0.8,6,7,36,benchmark/dup_dataset/alpha=0.8/6-7-36/03782.txt,31,0.192004
0.8,6,7,36,benchmark/dup_dataset/alpha=0.8/6-7-36/03783.txt,34,0.205309
0.8,6,7,36,benchmark/dup_dataset/alpha=0.8/6-7-36/03784.txt,36,0.217252
0.8,6,7,36,benchmark/dup_dataset/alpha=0.8/6-7-36/03785.txt,38,0.220697
0.8,6,7,36,benchmark/dup_dataset/alpha=0.8/6-7-36/03786.txt,30,0.184445
0.8,6,7,36,benchmark/dup_dataset/alpha=0.8/6-7-36/03787.txt,33,0.203368
0.8,6,7,36,benchmark/dup_dataset/alpha=0.8/6-7-36/03788.txt,44,0.245748
0.8,6,7,36,benchmark/dup_dataset/alpha=0.8/6-7-36/03789.txt,35,0.214518
0.8,6,7,36,benchmark/dup_dataset/alpha=0.8/6-7-36/03790.txt,40,0.234995
0.8,6,7,36,benchmark/dup_dataset/alpha=0.8/6-7-36/03791.txt,34,0.203558
0.8,6,7,36,benchmark/dup_dataset/alpha=0.8/6-7-36/03792.txt,40,0.23446
0.8,6,7,36,benchmark/dup_dataset/alpha=0.8/6-7-36/03793.txt,27,0.17037
0.8,6,7,36,benchmark/dup_dataset/alpha=0.8/6-7-36/03794.txt,47,0.264386
0.8,6,7,36,benchmark/dup_dataset/alpha=0.8/6-7-36/03795.txt,36,0.227219
0.8,6,7,36,benchmark/dup_dataset/alpha=0.8/6-7-36/03796.txt,43,0.248977
0.8,6,7,36,benchmark/dup_dataset/alpha=0.8/6-7-36/03797.txt,52,0.297045
0.8,6,7,36,benchmark/dup_dataset/alpha=0.8/6-7-36/03798.txt,44,0.264322
0.8,6,7,36,benchmark/dup_dataset/alpha=0.8/6-7-36/03799.txt,42,0.238676
0.8,6,7,36,benchmark/dup_dataset/alpha=0.8/6-7-36/03800.txt,46,0.272899
0.8,6,7,37,benchmark/dup_dataset/alpha=0.8/6-7-37/03801.txt,32,0.195225
0.8,6,7,37,benchmark/dup_dataset/alpha=0.8/6-7-37/03802.txt,32,0.194333
0.8,6,7,37,benchmark/dup_dataset/alpha=0.8/6-7-37/03803.txt,49,0.265677
0.8,6,7,37,benchmark/dup_dataset/alpha=0.8/6-7-37/03804.txt,45,0.252601
0.8,6,7,37,benchmark/dup_dataset/alpha=0.8/6-7-37/03805.txt,41,0.263155
0.8,6,7,37,benchmark/dup_dataset/alpha=0.8/6-7-37/03806.txt,43,0.261199
0.8,6,7,37,benchmark/dup_dataset/alpha=0.8/6-7-37/03807.txt,33,0.20381
0.8,6,7,37,benchmark/dup_dataset/alpha=0.8/6-7-37/03808.txt,32,0.199666
0.8,6,7,37,benchmark/dup_dataset/alpha=0.8/6-7-37/03809.txt,43,0.25218
0.8,6,7,37,benchmark/dup_dataset/alpha=0.8/6-7-37/03810.txt,48,0.276098
0.8,6,7,37,benchmark/dup_dataset/alpha=0.8/6-7-37/03811.txt,52,0.297388
0.8,6,7,37,benchmark/dup_dataset/alpha=0.8/6-7-37/03812.txt,51,0.289628
0.8,6,7,37,benchmark/dup_dataset/alpha=0.8/6-7-37/03813.txt,43,0.246999
0.8,6,7,37,benchmark/dup_dataset/alpha=0.8/6-7-37/03814.txt,45,0.257677
0.8,6,7,37,benchmark/dup_dataset/alpha=0.8/6-7-37/03815.txt,34,0.205061
0.8,6,7,37,benchmark/dup_dataset/alpha=0.8/6-7-37/03816.txt,45,0.270998
0.8,6,7,37,benchmark/dup_dataset/alpha=0.8/6-7-37/03817.txt,38,0.233533
0.8,6,7,37,benchmark/dup_dataset/alpha=0.8/6-7-37/03818.txt,31,0.19601
0.8,6,7,37,benchmark/dup_dataset/alpha=0.8/6-7-37/03819.txt,39,0.226975
0.8,6,7,37,benchmark/dup_dataset/alpha=0.8/6-7-37/03820.txt,41,0.240346
0.8,6,7,37,benchmark/dup_dataset/alpha=0.8/6-7-37/03821.txt,38,0.221253
0.8,6,7,37,benchmark/dup_dataset/alpha=0.8/6-7-37/03822.txt,28,0.1801
0.8,6,7,37,benchmark/dup_dataset/alpha=0.8/6-7-37/03823.txt,26,0.160814
0.8,6,7,37,benchmark/dup_dataset/alpha=0.8/6-7-37/03824.txt,55,0.317191
0.8,6,7,37,benchmark/dup_dataset/alpha=0.8/6-7-37/03825.txt,26,0.175236
0.8,6,7,37,benchmark/dup_dataset/alpha=0.8/6-7-37/03826.txt,38,0.229808
0.8,6,7,37,benchmark/dup_dataset/alpha=0.8/6-7-37/03827.txt,42,0.258695
0.8,6,7,37,benchmark/dup_dataset/alpha=0.8/6-7-37/03828.txt,36,0.213035
0.8,6,7,37,benchmark/dup_dataset/alpha=0.8/6-7-37/03829.txt,57,0.325211
0.8,6,7,37,benchmark/dup_dataset/alpha=0.8/6-7-37/03830.txt,41,0.2499
0.8,6,7,37,benchmark/dup_dataset/alpha=0.8/6-7-37/03831.txt,34,0.220484
0.8,6,7,37,benchmark/dup_dataset/alpha=0.8/6-7-37/03832.txt,45,0.262255
0.8,6,7,37,benchmark/dup_dataset/alpha=0.8/6-7-37/03833.txt,37,0.216175
0.8,6,7,37,benchmark/dup_dataset/alpha=0.8/6-7-37/03834.txt,48,0.283359
0.8,6,7,37,benchmark/dup_dataset/alpha=0.8/6-7-37/03835.txt,40,0.249802
0.8,6,7,37,benchmark/dup_dataset/alpha=0.8/6-7-37/03836.txt,37,0.224255
0.8,6,7,37,benchmark/dup_dataset/alpha=0.8/6-7-37/03837.txt,39,0.219819
0.8,6,7,37,benchmark/dup_dataset/alpha=0.8/6-7-37/03838.txt,38,0.216446
0.8,6,7,37,benchmark/dup_dataset/alpha=0.8/6-7-37/03839.txt,35,0.210402
0.8,6,7,37,benchmark/dup_dataset/alpha=0.8/6-7-37/03840.txt,42,0.249835
0.8,6,7,37,benchmark/dup_dataset/alpha=0.8/6-7-37/03841.txt,37,0.2193
0.8,6,7,37,benchmark/dup_dataset/alpha=0.8/6-7-37/03842.txt,44,0.25266
0.8,6,7,37,benchmark/dup_dataset/alpha=0.8/6-7-37/03843.txt,32,0.212835
0.8,6,7,37,benchmark/dup_dataset/alpha=0.8/6-7-37/03844.txt,33,0.200104
0.8,6,7,37,benchmark/dup_dataset/alpha=0.8/6-7-37/03845.txt,38,0.234035
0.8,6,7,37,benchmark/dup_dataset/alpha=0.8/6-7-37/03846.txt,43,0.263678
0.8,6,7,37,benchmark/dup_dataset/alpha=0.8/6-7-37/03847.txt,40,0.233123
0.8,6,7,37,benchmark/dup_dataset/alpha=0.8/6-7-37/03848.txt,52,0.296233
0.8,6,7,37,benchmark/dup_dataset/alpha=0.8/6-7-37/03849.txt,44,0.257332
0.8,6,7,37,benchmark/dup_dataset/alpha=0.8/6-7-37/03850.txt,34,0.214837
0.8,6,7,37,benchmark/dup_dataset/alpha=0.8/6-7-37/03851.txt,49,0.289484
0.8,6,7,37,benchmark/dup_dataset/alpha=0.8/6-7-37/03852.txt,26,0.170963
0.8,6,7,37,benchmark/dup_dataset/alpha=0.8/6-7-37/03853.txt,36,0.210436
0.8,6,7,37,benchmark/dup_dataset/alpha=0.8/6-7-37/03854.txt,33,0.200501
0.8,6,7,37,benchmark/dup_dataset/alpha=0.8/6-7-37/03855.txt,35,0.208045
0.8,6,7,37,benchmark/dup_dataset/alpha=0.8/6-7-37/03856.txt,36,0.219706
0.8,6,7,37,benchmark/dup_dataset/alpha=0.8/6-7-37/03857.txt,32,0.188084
0.8,6,7,37,benchmark/dup_dataset/alpha=0.8/6-7-37/03858.txt,42,0.235184
0.8,6,7,37,benchmark/dup_dataset/alpha=0.8/6-7-37/03859.txt,41,0.244577
0.8,6,7,37,benchmark/dup_dataset/alpha=0.8/6-7-37/03860.txt,42,0.247871
0.8,6,7,37,benchmark/dup_dataset/alpha=0.8/6-7-37/03861.txt,44,0.266124
0.8,6,7,37,benchmark/dup_dataset/alpha=0.8/6-7-37/03862.txt,50,0.305362
0.8,6,7,37,benchmark/dup_dataset/alpha=0.8/6-7-37/03863.txt,43,0.287833
0.8,6,7,37,benchmark/dup_dataset/alpha=0.8/6-7-37/03864.txt,40,0.26803
0.8,6,7,37,benchmark/dup_dataset/alpha=0.8/6-7-37/03865.txt,42,0.28723
0.8,6,7,37,benchmark/dup_dataset/alpha=0.8/6-7-37/03866.txt,50,0.30186
0.8,6,7,37,benchmark/dup_dataset/alpha=0.8/6-7-37/03867.txt,40,0.24666
0.8,6,7,37,benchmark/dup_dataset/alpha=0.8/6-7-37/03868.txt,38,0.232054
0.8,6,7,37,benchmark/dup_dataset/alpha=0.8/6-7-37/03869.txt,51,0.280244
0.8,6,7,37,benchmark/dup_dataset/alpha=0.8/6-7-37/03870.txt,36,0.227944
0.8,6,7,37,benchmark/dup_dataset/alpha=0.8/6-7-37/03871.txt,49,0.287634
0.8,6,7,37,benchmark/dup_dataset/alpha=0.8/6-7-37/03872.txt,43,0.247754
0.8,6,7,37,benchmark/dup_dataset/alpha=0.8/6-7-37/03873.txt,34,0.211293
0.8,6,7,37,benchmark/dup_dataset/alpha=0.8/6-7-37/03874.txt,44,0.253234
0.8,6,7,37,benchmark/dup_dataset/alpha=0.8/6-7-37/03875.txt,46,0.255195
0.8,6,7,37,benchmark/dup_dataset/alpha=0.8/6-7-37/03876.txt,44,0.243894
0.8,6,7,37,benchmark/dup_dataset/alpha=0.8/6-7-37/03877.txt,42,0.240587
0.8,6,7,37,benchmark/dup_dataset/alpha=0.8/6-7-37/03878.txt,36,0.249707
0.8,6,7,37,benchmark/dup_dataset/alpha=0.8/6-7-37/03879.txt,46,0.301188
0.8,6,7,37,benchmark/dup_dataset/alpha=0.8/6-7-37/03880.txt,33,0.237118
0.8,6,7,37,benchmark/dup_dataset/alpha=0.8/6-7-37/03881.txt,40,0.290448
0.8,6,7,37,benchmark/dup_dataset/alpha=0.8/6-7-37/03882.txt,42,0.268136
0.8,6,7,37,benchmark/dup_dataset/alpha=0.8/6-7-37/03883.txt,43,0.26033
0.8,6,7,37,benchmark/dup_dataset/alpha=0.8/6-7-37/03884.txt,37,0.219778
0.8,6,7,37,benchmark/dup_dataset/alpha=0.8/6-7-37/03885.txt,40,0.243815
0.8,6,7,37,benchmark/dup_dataset/alpha=0.8/6-7-37/03886.txt,37,0.215286
0.8,6,7,37,benchmark/dup_dataset/alpha=0.8/6-7-37/03887.txt,39,0.234857
0.8,6,7,37,benchmark/dup_dataset/alpha=0.8/6-7-37/03888.txt,33,0.218873
0.8,6,7,37,benchmark/dup_dataset/alpha=0.8/6-7-37/03889.txt,49,0.288605
0.8,6,7,37,benchmark/dup_dataset/alpha=0.8/6-7-37/03890.txt,37,0.217786
0.8,6,7,37,benchmark/dup_dataset/alpha=0.8/6-7-37/03891.txt,46,0.260783
0.8,6,7,37,benchmark/dup_dataset/alpha=0.8/6-7-37/03892.txt,41,0.245067
0.8,6,7,37,benchmark/dup_dataset/alpha=0.8/6-7-37/03893.txt,45,0.259946
0.8,6,7,37,benchmark/dup_dataset/alpha=0.8/6-7-37/03894.txt,47,0.272387
0.8,6,7,37,benchmark/dup_dataset/alpha=0.8/6-7-37/03895.txt,36,0.210572
0.8,6,7,37,benchmark/dup_dataset/alpha=0.8/6-7-37/03896.txt,34,0.207521
0.8,6,7,37,benchmark/dup_dataset/alpha=0.8/6-7-37/03897.txt,43,0.259864
0.8,6,7,37,benchmark/dup_dataset/alpha=0.8/6-7-37/03898.txt,34,0.214467
0.8,6,7,37,benchmark/dup_dataset/alpha=0.8/6-7-37/03899.txt,39,0.229938
0.8,6,7,37,benchmark/dup_dataset/alpha=0.8/6-7-37/03900.txt,40,0.233693
0.8,6,7,38,benchmark/dup_dataset/alpha=0.8/6-7-38/03901.txt,45,0.268902
0.8,6,7,38,benchmark/dup_dataset/alpha=0.8/6-7-38/03902.txt,53,0.290967
0.8,6,7,38,benchmark/dup_dataset/alpha=0.8/6-7-38/03903.txt,46,0.272757
0.8,6,7,38,benchmark/dup_dataset/alpha=0.8/6-7-38/03904.txt,47,0.27377
0.8,6,7,38,benchmark/dup_dataset/alpha=0.8/6-7-38/03905.txt,34,0.207244
0.8,6,7,38,benchmark/dup_dataset/alpha=0.8/6-7-38/03906.txt,35,0.214583
0.8,6,7,38,benchmark/dup_dataset/alpha=0.8/6-7-38/03907.txt,36,0.223212
0.8,6,7,38,benchmark/dup_dataset/alpha=0.8/6-7-38/03908.txt,36,0.214836
0.8,6,7,38,benchmark/dup_dataset/alpha=0.8/6-7-38/03909.txt,38,0.226265
0.8,6,7,38,benchmark/dup_dataset/alpha=0.8/6-7-38/03910.txt,51,0.27864
0.8,6,7,38,benchmark/dup_dataset/alpha=0.8/6-7-38/03911.txt,38,0.236873
0.8,6,7,38,benchmark/dup_dataset/alpha=0.8/6-7-38/03912.txt,42,0.249972
0.8,6,7,38,benchmark/dup_dataset/alpha=0.8/6-7-38/03913.txt,38,0.224798
0.8,6,7,38,benchmark/dup_dataset/alpha=0.8/6-7-38/03914.txt,43,0.274015
0.8,6,7,38,benchmark/dup_dataset/alpha=0.8/6-7-38/03915.txt,50,0.289438
0.8,6,7,38,benchmark/dup_dataset/alpha=0.8/6-7-38/03916.txt,42,0.24573
0.8,6,7,38,benchmark/dup_dataset/alpha=0.8/6-7-38/03917.txt,42,0.250855
0.8,6,7,38,benchmark/dup_dataset/alpha=0.8/6-7-38/03918.txt,43,0.262314
0.8,6,7,38,benchmark/dup_dataset/alpha=0.8/6-7-38/03919.txt,52,0.286116
0.8,6,7,38,benchmark/dup_dataset/alpha=0.8/6-7-38/03920.txt,48,0.268903
0.8,6,7,38,benchmark/dup_dataset/alpha=0.8/6-7-38/03921.txt,61,0.344658
0.8,6,7,38,benchmark/dup_dataset/alpha=0.8/6-7-38/03922.txt,43,0.262102
0.8,6,7,38,benchmark/dup_dataset/alpha=0.8/6-7-38/03923.txt,31,0.193823
0.8,6,7,38,benchmark/dup_dataset/alpha=0.8/6-7-38/03924.txt,43,0.253489
0.8,6,7,38,benchmark/dup_dataset/alpha=0.8/6-7-38/03925.txt,39,0.220688
0.8,6,7,38,benchmark/dup_dataset/alpha=0.8/6-7-38/03926.txt,41,0.249782
0.8,6,7,38,benchmark/dup_dataset/alpha=0.8/6-7-38/03927.txt,29,0.17919
0.8,6,7,38,benchmark/dup_dataset/alpha=0.8/6-7-38/03928.txt,44,0.259372
0.8,6,7,38,benchmark/dup_dataset/alpha=0.8/6-7-38/03929.txt,29,0.185674
0.8,6,7,38,benchmark/dup_dataset/alpha=0.8/6-7-38/03930.txt,39,0.231031
0.8,6,7,38,benchmark/dup_dataset/alpha=0.8/6-7-38/03931.txt,38,0.238604
0.8,6,7,38,benchmark/dup_dataset/alpha=0.8/6-7-38/03932.txt,48,0.279856
0.8,6,7,38,benchmark/dup_dataset/alpha=0.8/6-7-38/03933.txt,32,0.202737
0.8,6,7,38,benchmark/dup_dataset/alpha=0.8/6-7-38/03934.txt,39,0.244351
0.8,6,7,38,benchmark/dup_dataset/alpha=0.8/6-7-38/03935.txt,36,0.253347
0.8,6,7,38,benchmark/dup_dataset/alpha=0.8/6-7-38/03936.txt,32,0.214201
0.8,6,7,38,benchmark/dup_dataset/alpha=0.8/6-7-38/03937.txt,40,0.275023
0.8,6,7,38,benchmark/dup_dataset/alpha=0.8/6-7-38/03938.txt,47,0.319767
0.8,6,7,38,benchmark/dup_dataset/alpha=0.8/6-7-38/03939.txt,54,0.354323
0.8,6,7,38,benchmark/dup_dataset/alpha=0.8/6-7-38/03940.txt,52,0.344011
0.8,6,7,38,benchmark/dup_dataset/alpha=0.8/6-7-38/03941.txt,36,0.215383
0.8,6,7,38,benchmark/dup_dataset/alpha=0.8/6-7-38/03942.txt,51,0.32156
0.8,6,7,38,benchmark/dup_dataset/alpha=0.8/6-7-38/03943.txt,2,0.014266
0.8,6,7,38,benchmark/dup_dataset/alpha=0.8/6-7-38/03944.txt,48,0.322872
0.8,6,7,38,benchmark/dup_dataset/alpha=0.8/6-7-38/03945.txt,52,0.344372
0.8,6,7,38,benchmark/dup_dataset/alpha=0.8/6-7-38/03946.txt,40,0.254247
0.8,6,7,38,benchmark/dup_dataset/alpha=0.8/6-7-38/03947.txt,37,0.224911
0.8,6,7,38,benchmark/dup_dataset/alpha=0.8/6-7-38/03948.txt,42,0.244497
0.8,6,7,38,benchmark/dup_dataset/alpha=0.8/6-7-38/03949.txt,35,0.213876
0.8,6,7,38,benchmark/dup_dataset/alpha=0.8/6-7-38/03950.txt,52,0.315693
0.8,6,7,38,benchmark/dup_dataset/alpha=0.8/6-7-38/03951.txt,41,0.300025
0.8,6,7,38,benchmark/dup_dataset/alpha=0.8/6-7-38/03952.txt,49,0.326619
0.8,6,7,38,benchmark/dup_dataset/alpha=0.8/6-7-38/03953.txt,50,0.313578
0.8,6,7,38,benchmark/dup_dataset/alpha=0.8/6-7-38/03954.txt,35,0.237874
0.8,6,7,38,benchmark/dup_dataset/alpha=0.8/6-7-38/03955.txt,42,0.277409
0.8,6,7,38,benchmark/dup_dataset/alpha=0.8/6-7-38/03956.txt,34,0.237116
0.8,6,7,38,benchmark/dup_dataset/alpha=0.8/6-7-38/03957.txt,54,0.348722
0.8,6,7,38,benchmark/dup_dataset/alpha=0.8/6-7-38/03958.txt,51,0.343159
0.8,6,7,38,benchmark/dup_dataset/alpha=0.8/6-7-38/03959.txt,45,0.291485
0.8,6,7,38,benchmark/dup_dataset/alpha=0.8/6-7-38/03960.txt,40,0.27345
0.8,6,7,38,benchmark/dup_dataset/alpha=0.8/6-7-38/03961.txt,54,0.359913
0.8,6,7,38,benchmark/dup_dataset/alpha=0.8/6-7-38/03962.txt,62,0.382383
0.8,6,7,38,benchmark/dup_dataset/alpha=0.8/6-7-38/03963.txt,39,0.263591
0.8,6,7,38,benchmark/dup_dataset/alpha=0.8/6-7-38/03964.txt,39,0.273009
0.8,6,7,38,benchmark/dup_dataset/alpha=0.8/6-7-38/03965.txt,46,0.296652
0.8,6,7,38,benchmark/dup_dataset/alpha=0.8/6-7-38/03966.txt,49,0.324128
0.8,6,7,38,benchmark/dup_dataset/alpha=0.8/6-7-38/03967.txt,61,0.398809
0.8,6,7,38,benchmark/dup_dataset/alpha=0.8/6-7-38/03968.txt,42,0.282985
0.8,6,7,38,benchmark/dup_dataset/alpha=0.8/6-7-38/03969.txt,33,0.218924
0.8,6,7,38,benchmark/dup_dataset/alpha=0.8/6-7-38/03970.txt,54,0.346325
0.8,6,7,38,benchmark/dup_dataset/alpha=0.8/6-7-38/03971.txt,47,0.296101
0.8,6,7,38,benchmark/dup_dataset/alpha=0.8/6-7-38/03972.txt,42,0.277368
0.8,6,7,38,benchmark/dup_dataset/alpha=0.8/6-7-38/03973.txt,36,0.255308
0.8,6,7,38,benchmark/dup_dataset/alpha=0.8/6-7-38/03974.txt,45,0.304619
0.8,6,7,38,benchmark/dup_dataset/alpha=0.8/6-7-38/03975.txt,42,0.253842
0.8,6,7,38,benchmark/dup_dataset/alpha=0.8/6-7-38/03976.txt,34,0.205734
0.8,6,7,38,benchmark/dup_dataset/alpha=0.8/6-7-38/03977.txt,28,0.183125
0.8,6,7,38,benchmark/dup_dataset/alpha=0.8/6-7-38/03978.txt,47,0.277739
0.8,6,7,38,benchmark/dup_dataset/alpha=0.8/6-7-38/03979.txt,41,0.255704
0.8,6,7,38,benchmark/dup_dataset/alpha=0.8/6-7-38/03980.txt,60,0.328799
0.8,6,7,38,benchmark/dup_dataset/alpha=0.8/6-7-38/03981.txt,48,0.294653
0.8,6,7,38,benchmark/dup_dataset/alpha=0.8/6-7-38/03982.txt,45,0.306581
0.8,6,7,38,benchmark/dup_dataset/alpha=0.8/6-7-38/03983.txt,52,0.322402
0.8,6,7,38,benchmark/dup_dataset/alpha=0.8/6-7-38/03984.txt,58,0.366617
0.8,6,7,38,benchmark/dup_dataset/alpha=0.8/6-7-38/03985.txt,40,0.263879
0.8,6,7,38,benchmark/dup_dataset/alpha=0.8/6-7-38/03986.txt,45,0.295922
0.8,6,7,38,benchmark/dup_dataset/alpha=0.8/6-7-38/03987.txt,55,0.34331
0.8,6,7,38,benchmark/dup_dataset/alpha=0.8/6-7-38/03988.txt,55,0.357426
0.8,6,7,38,benchmark/dup_dataset/alpha=0.8/6-7-38/03989.txt,39,0.243671
0.8,6,7,38,benchmark/dup_dataset/alpha=0.8/6-7-38/03990.txt,52,0.329506
0.8,6,7,38,benchmark/dup_dataset/alpha=0.8/6-7-38/03991.txt,46,0.312116
0.8,6,7,38,benchmark/dup_dataset/alpha=0.8/6-7-38/03992.txt,39,0.273198
0.8,6,7,38,benchmark/dup_dataset/alpha=0.8/6-7-38/03993.txt,37,0.239131
0.8,6,7,38,benchmark/dup_dataset/alpha=0.8/6-7-38/03994.txt,40,0.236509
0.8,6,7,38,benchmark/dup_dataset/alpha=0.8/6-7-38/03995.txt,38,0.223897
0.8,6,7,38,benchmark/dup_dataset/alpha=0.8/6-7-38/03996.txt,38,0.234856
0.8,6,7,38,benchmark/dup_dataset/alpha=0.8/6-7-38/03997.txt,44,0.254288
0.8,6,7,38,benchmark/dup_dataset/alpha=0.8/6-7-38/03998.txt,38,0.255357
0.8,6,7,38,benchmark/dup_dataset/alpha=0.8/6-7-38/03999.txt,32,0.23537
0.8,6,7,38,benchmark/dup_dataset/alpha=0.8/6-7-38/04000.txt,39,0.269138
0.8,6,7,39,benchmark/dup_dataset/alpha=0.8/6-7-39/04001.txt,44,0.28648
0.8,6,7,39,benchmark/dup_dataset/alpha=0.8/6-7-39/04002.txt,35,0.237639
0.8,6,7,39,benchmark/dup_dataset/alpha=0.8/6-7-39/04003.txt,37,0.25331
0.8,6,7,39,benchmark/dup_dataset/alpha=0.8/6-7-39/04004.txt,49,0.326125
0.8,6,7,39,benchmark/dup_dataset/alpha=0.8/6-7-39/04005.txt,41,0.269077
0.8,6,7,39,benchmark/dup_dataset/alpha=0.8/6-7-39/04006.txt,28,0.210774
0.8,6,7,39,benchmark/dup_dataset/alpha=0.8/6-7-39/04007.txt,31,0.209915
0.8,6,7,39,benchmark/dup_dataset/alpha=0.8/6-7-39/04008.txt,35,0.246757
0.8,6,7,39,benchmark/dup_dataset/alpha=0.8/6-7-39/04009.txt,36,0.216413
0.8,6,7,39,benchmark/dup_dataset/alpha=0.8/6-7-39/04010.txt,44,0.27215
0.8,6,7,39,benchmark/dup_dataset/alpha=0.8/6-7-39/04011.txt,53,0.303033
0.8,6,7,39,benchmark/dup_dataset/alpha=0.8/6-7-39/04012.txt,40,0.241718
0.8,6,7,39,benchmark/dup_dataset/alpha=0.8/6-7-39/04013.txt,33,0.213379
0.8,6,7,39,benchmark/dup_dataset/alpha=0.8/6-7-39/04014.txt,51,0.296582
0.8,6,7,39,benchmark/dup_dataset/alpha=0.8/6-7-39/04015.txt,36,0.219375
0.8,6,7,39,benchmark/dup_dataset/alpha=0.8/6-7-39/04016.txt,42,0.260434
0.8,6,7,39,benchmark/dup_dataset/alpha=0.8/6-7-39/04017.txt,44,0.261416
0.8,6,7,39,benchmark/dup_dataset/alpha=0.8/6-7-39/04018.txt,48,0.301932
0.8,6,7,39,benchmark/dup_dataset/alpha=0.8/6-7-39/04019.txt,37,0.233065
0.8,6,7,39,benchmark/dup_dataset/alpha=0.8/6-7-39/04020.txt,32,0.214841
0.8,6,7,39,benchmark/dup_dataset/alpha=0.8/6-7-39/04021.txt,42,0.266282
0.8,6,7,39,benchmark/dup_dataset/alpha=0.8/6-7-39/04022.txt,36,0.219634
0.8,6,7,39,benchmark/dup_dataset/alpha=0.8/6-7-39/04023.txt,31,0.192664
0.8,6,7,39,benchmark/dup_dataset/alpha=0.8/6-7-39/04024.txt,37,0.215591
0.8,6,7,39,benchmark/dup_dataset/alpha=0.8/6-7-39/04025.txt,39,0.240585
0.8,6,7,39,benchmark/dup_dataset/alpha=0.8/6-7-39/04026.txt,45,0.26621
0.8,6,7,39,benchmark/dup_dataset/alpha=0.8/6-7-39/04027.txt,39,0.239282
0.8,6,7,39,benchmark/dup_dataset/alpha=0.8/6-7-39/04028.txt,36,0.23452
0.8,6,7,39,benchmark/dup_dataset/alpha=0.8/6-7-39/04029.txt,40,0.238749
0.8,6,7,39,benchmark/dup_dataset/alpha=0.8/6-7-39/04030.txt,48,0.280221
0.8,6,7,39,benchmark/dup_dataset/alpha=0.8/6-7-39/04031.txt,44,0.24948
0.8,6,7,39,benchmark/dup_dataset/alpha=0.8/6-7-39/04032.txt,36,0.209264
0.8,6,7,39,benchmark/dup_dataset/alpha=0.8/6-7-39/04033.txt,42,0.251552
0.8,6,7,39,benchmark/dup_dataset/alpha=0.8/6-7-39/04034.txt,40,0.23884
0.8,6,7,39,benchmark/dup_dataset/alpha=0.8/6-7-39/04035.txt,47,0.279943
0.8,6,7,39,benchmark/dup_dataset/alpha=0.8/6-7-39/04036.txt,48,0.27389
0.8,6,7,39,benchmark/dup_dataset/alpha=0.8/6-7-39/04037.txt,44,0.243473
0.8,6,7,39,benchmark/dup_dataset/alpha=0.8/6-7-39/04038.txt,41,0.244062
0.8,6,7,39,benchmark/dup_dataset/alpha=0.8/6-7-39/04039.txt,46,0.268284
0.8,6,7,39,benchmark/dup_dataset/alpha=0.8/6-7-39/04040.txt,45,0.257673
0.8,6,7,39,benchmark/dup_dataset/alpha=0.8/6-7-39/04041.txt,40,0.242729
0.8,6,7,39,benchmark/dup_dataset/alpha=0.8/6-7-39/04042.txt,46,0.266243
0.8,6,7,39,benchmark/dup_dataset/alpha=0.8/6-7-39/04043.txt,40,0.229393
0.8,6,7,39,benchmark/dup_dataset/alpha=0.8/6-7-39/04044.txt,37,0.226573
0.8,6,7,39,benchmark/dup_dataset/alpha=0.8/6-7-39/04045.txt,45,0.262117
0.8,6,7,39,benchmark/dup_dataset/alpha=0.8/6-7-39/04046.txt,43,0.257361
0.8,6,7,39,benchmark/dup_dataset/alpha=0.8/6-7-39/04047.txt,54,0.305443
0.8,6,7,39,benchmark/dup_dataset/alpha=0.8/6-7-39/04048.txt,43,0.251089
0.8,6,7,39,benchmark/dup_dataset/alpha=0.8/6-7-39/04049.txt,40,0.23875
0.8,6,7,39,benchmark/dup_dataset/alpha=0.8/6-7-39/04050.txt,38,0.242655
0.8,6,7,39,benchmark/dup_dataset/alpha=0.8/6-7-39/04051.txt,43,0.261036
0.8,6,7,39,benchmark/dup_dataset/alpha=0.8/6-7-39/04052.txt,53,0.295824
0.8,6,7,39,benchmark/dup_dataset/alpha=0.8/6-7-39/04053.txt,53,0.306057
0.8,6,7,39,benchmark/dup_dataset/alpha=0.8/6-7-39/04054.txt,46,0.273417
0.8,6,7,39,benchmark/dup_dataset/alpha=0.8/6-7-39/04055.txt,58,0.332681
0.8,6,7,39,benchmark/dup_dataset/alpha=0.8/6-7-39/04056.txt,58,0.300977
0.8,6,7,39,benchmark/dup_dataset/alpha=0.8/6-7-39/04057.txt,41,0.247329
0.8,6,7,39,benchmark/dup_dataset/alpha=0.8/6-7-39/04058.txt,48,0.315028
0.8,6,7,39,benchmark/dup_dataset/alpha=0.8/6-7-39/04059.txt,46,0.324797
0.8,6,7,39,benchmark/dup_dataset/alpha=0.8/6-7-39/04060.txt,36,0.24109
0.8,6,7,39,benchmark/dup_dataset/alpha=0.8/6-7-39/04061.txt,6,0.037069
0.8,6,7,39,benchmark/dup_dataset/alpha=0.8/6-7-39/04062.txt,39,0.263885
0.8,6,7,39,benchmark/dup_dataset/alpha=0.8/6-7-39/04063.txt,49,0.331279
0.8,6,7,39,benchmark/dup_dataset/alpha=0.8/6-7-39/04064.txt,49,0.323477
0.8,6,7,39,benchmark/dup_dataset/alpha=0.8/6-7-39/04065.txt,47,0.269927
0.8,6,7,39,benchmark/dup_dataset/alpha=0.8/6-7-39/04066.txt,32,0.217752
0.8,6,7,39,benchmark/dup_dataset/alpha=0.8/6-7-39/04067.txt,56,0.362594
0.8,6,7,39,benchmark/dup_dataset/alpha=0.8/6-7-39/04068.txt,40,0.26092
0.8,6,7,39,benchmark/dup_dataset/alpha=0.8/6-7-39/04069.txt,36,0.231631
0.8,6,7,39,benchmark/dup_dataset/alpha=0.8/6-7-39/04070.txt,42,0.277351
0.8,6,7,39,benchmark/dup_dataset/alpha=0.8/6-7-39/04071.txt,35,0.226677
0.8,6,7,39,benchmark/dup_dataset/alpha=0.8/6-7-39/04072.txt,33,0.20802
0.8,6,7,39,benchmark/dup_dataset/alpha=0.8/6-7-39/04073.txt,39,0.24638
0.8,6,7,39,benchmark/dup_dataset/alpha=0.8/6-7-39/04074.txt,40,0.285971
0.8,6,7,39,benchmark/dup_dataset/alpha=0.8/6-7-39/04075.txt,34,0.246279
0.8,6,7,39,benchmark/dup_dataset/alpha=0.8/6-7-39/04076.txt,35,0.238594
0.8,6,7,39,benchmark/dup_dataset/alpha=0.8/6-7-39/04077.txt,62,0.393476
0.8,6,7,39,benchmark/dup_dataset/alpha=0.8/6-7-39/04078.txt,39,0.258294
0.8,6,7,39,benchmark/dup_dataset/alpha=0.8/6-7-39/04079.txt,36,0.244413
0.8,6,7,39,benchmark/dup_dataset/alpha=0.8/6-7-39/04080.txt,52,0.35781
0.8,6,7,39,benchmark/dup_dataset/alpha=0.8/6-7-39/04081.txt,7,0.041609
0.8,6,7,39,benchmark/dup_dataset/alpha=0.8/6-7-39/04082.txt,45,0.253921
0.8,6,7,39,benchmark/dup_dataset/alpha=0.8/6-7-39/04083.txt,41,0.245108
0.8,6,7,39,benchmark/dup_dataset/alpha=0.8/6-7-39/04084.txt,39,0.235765
0.8,6,7,39,benchmark/dup_dataset/alpha=0.8/6-7-39/04085.txt,41,0.245648
0.8,6,7,39,benchmark/dup_dataset/alpha=0.8/6-7-39/04086.txt,54,0.301184
0.8,6,7,39,benchmark/dup_dataset/alpha=0.8/6-7-39/04087.txt,37,0.22701
0.8,6,7,39,benchmark/dup_dataset/alpha=0.8/6-7-39/04088.txt,49,0.291348
0.8,6,7,39,benchmark/dup_dataset/alpha=0.8/6-7-39/04089.txt,47,0.273448
0.8,6,7,39,benchmark/dup_dataset/alpha=0.8/6-7-39/04090.txt,37,0.238041
0.8,6,7,39,benchmark/dup_dataset/alpha=0.8/6-7-39/04091.txt,46,0.308249
0.8,6,7,39,benchmark/dup_dataset/alpha=0.8/6-7-39/04092.txt,43,0.297983
0.8,6,7,39,benchmark/dup_dataset/alpha=0.8/6-7-39/04093.txt,43,0.2828
0.8,6,7,39,benchmark/dup_dataset/alpha=0.8/6-7-39/04094.txt,48,0.321303
0.8,6,7,39,benchmark/dup_dataset/alpha=0.8/6-7-39/04095.txt,56,0.366326
0.8,6,7,39,benchmark/dup_dataset/alpha=0.8/6-7-39/04096.txt,34,0.215724
0.8,6,7,39,benchmark/dup_dataset/alpha=0.8/6-7-39/04097.txt,47,0.274881
0.8,6,7,39,benchmark/dup_dataset/alpha=0.8/6-7-39/04098.txt,36,0.222114
0.8,6,7,39,benchmark/dup_dataset/alpha=0.8/6-7-39/04099.txt,45,0.267288
0.8,6,7,39,benchmark/dup_dataset/alpha=0.8/6-7-39/04100.txt,46,0.298226
0.8,6,7,40,benchmark/dup_dataset/alpha=0.8/6-7-40/04101.txt,43,0.250281
0.8,6,7,40,benchmark/dup_dataset/alpha=0.8/6-7-40/04102.txt,43,0.266298
0.8,6,7,40,benchmark/dup_dataset/alpha=0.8/6-7-40/04103.txt,42,0.282347
0.8,6,7,40,benchmark/dup_dataset/alpha=0.8/6-7-40/04104.txt,37,0.267859
0.8,6,7,40,benchmark/dup_dataset/alpha=0.8/6-7-40/04105.txt,49,0.306886
0.8,6,7,40,benchmark/dup_dataset/alpha=0.8/6-7-40/04106.txt,33,0.204454
0.8,6,7,40,benchmark/dup_dataset/alpha=0.8/6-7-40/04107.txt,45,0.263665
0.8,6,7,40,benchmark/dup_dataset/alpha=0.8/6-7-40/04108.txt,50,0.310118
0.8,6,7,40,benchmark/dup_dataset/alpha=0.8/6-7-40/04109.txt,51,0.323916
0.8,6,7,40,benchmark/dup_dataset/alpha=0.8/6-7-40/04110.txt,39,0.24266
0.8,6,7,40,benchmark/dup_dataset/alpha=0.8/6-7-40/04111.txt,60,0.393749
0.8,6,7,40,benchmark/dup_dataset/alpha=0.8/6-7-40/04112.txt,56,0.367027
0.8,6,7,40,benchmark/dup_dataset/alpha=0.8/6-7-40/04113.txt,44,0.305256
0.8,6,7,40,benchmark/dup_dataset/alpha=0.8/6-7-40/04114.txt,53,0.366605
0.8,6,7,40,benchmark/dup_dataset/alpha=0.8/6-7-40/04115.txt,51,0.337213
0.8,6,7,40,benchmark/dup_dataset/alpha=0.8/6-7-40/04116.txt,37,0.268817
0.8,6,7,40,benchmark/dup_dataset/alpha=0.8/6-7-40/04117.txt,48,0.320367
0.8,6,7,40,benchmark/dup_dataset/alpha=0.8/6-7-40/04118.txt,28,0.19214
0.8,6,7,40,benchmark/dup_dataset/alpha=0.8/6-7-40/04119.txt,48,0.321456
0.8,6,7,40,benchmark/dup_dataset/alpha=0.8/6-7-40/04120.txt,37,0.272038
0.8,6,7,40,benchmark/dup_dataset/alpha=0.8/6-7-40/04121.txt,47,0.284303
0.8,6,7,40,benchmark/dup_dataset/alpha=0.8/6-7-40/04122.txt,43,0.266777
0.8,6,7,40,benchmark/dup_dataset/alpha=0.8/6-7-40/04123.txt,46,0.269011
0.8,6,7,40,benchmark/dup_dataset/alpha=0.8/6-7-40/04124.txt,41,0.245931
0.8,6,7,40,benchmark/dup_dataset/alpha=0.8/6-7-40/04125.txt,37,0.250238
0.8,6,7,40,benchmark/dup_dataset/alpha=0.8/6-7-40/04126.txt,39,0.264214
0.8,6,7,40,benchmark/dup_dataset/alpha=0.8/6-7-40/04127.txt,1,0.009848
0.8,6,7,40,benchmark/dup_dataset/alpha=0.8/6-7-40/04128.txt,43,0.296754
0.8,6,7,40,benchmark/dup_dataset/alpha=0.8/6-7-40/04129.txt,49,0.317711
0.8,6,7,40,benchmark/dup_dataset/alpha=0.8/6-7-40/04130.txt,49,0.333955
0.8,6,7,40,benchmark/dup_dataset/alpha=0.8/6-7-40/04131.txt,42,0.284846
0.8,6,7,40,benchmark/dup_dataset/alpha=0.8/6-7-40/04132.txt,51,0.332546
0.8,6,7,40,benchmark/dup_dataset/alpha=0.8/6-7-40/04133.txt,43,0.270395
0.8,6,7,40,benchmark/dup_dataset/alpha=0.8/6-7-40/04134.txt,39,0.266618
0.8,6,7,40,benchmark/dup_dataset/alpha=0.8/6-7-40/04135.txt,40,0.264788
0.8,6,7,40,benchmark/dup_dataset/alpha=0.8/6-7-40/04136.txt,48,0.326642
0.8,6,7,40,benchmark/dup_dataset/alpha=0.8/6-7-40/04137.txt,55,0.37035
0.8,6,7,40,benchmark/dup_dataset/alpha=0.8/6-7-40/04138.txt,42,0.29439
0.8,6,7,40,benchmark/dup_dataset/alpha=0.8/6-7-40/04139.txt,39,0.279263
0.8,6,7,40,benchmark/dup_dataset/alpha=0.8/6-7-40/04140.txt,57,0.372617
0.8,6,7,40,benchmark/dup_dataset/alpha=0.8/6-7-40/04141.txt,53,0.314617
0.8,6,7,40,benchmark/dup_dataset/alpha=0.8/6-7-40/04142.txt,39,0.247582
0.8,6,7,40,benchmark/dup_dataset/alpha=0.8/6-7-40/04143.txt,44,0.261725
0.8,6,7,40,benchmark/dup_dataset/alpha=0.8/6-7-40/04144.txt,43,0.268367
0.8,6,7,40,benchmark/dup_dataset/alpha=0.8/6-7-40/04145.txt,32,0.206828
0.8,6,7,40,benchmark/dup_dataset/alpha=0.8/6-7-40/04146.txt,34,0.227872
0.8,6,7,40,benchmark/dup_dataset/alpha=0.8/6-7-40/04147.txt,39,0.248012
0.8,6,7,40,benchmark/dup_dataset/alpha=0.8/6-7-40/04148.txt,52,0.2988
0.8,6,7,40,benchmark/dup_dataset/alpha=0.8/6-7-40/04149.txt,2,0.013069
0.8,6,7,40,benchmark/dup_dataset/alpha=0.8/6-7-40/04150.txt,44,0.247722
0.8,6,7,40,benchmark/dup_dataset/alpha=0.8/6-7-40/04151.txt,39,0.251328
0.8,6,7,40,benchmark/dup_dataset/alpha=0.8/6-7-40/04152.txt,54,0.318502
0.8,6,7,40,benchmark/dup_dataset/alpha=0.8/6-7-40/04153.txt,35,0.229985
0.8,6,7,40,benchmark/dup_dataset/alpha=0.8/6-7-40/04154.txt,34,0.219224
0.8,6,7,40,benchmark/dup_dataset/alpha=0.8/6-7-40/04155.txt,56,0.330678
0.8,6,7,40,benchmark/dup_dataset/alpha=0.8/6-7-40/04156.txt,57,0.334072
0.8,6,7,40,benchmark/dup_dataset/alpha=0.8/6-7-40/04157.txt,2,0.014242
0.8,6,7,40,benchmark/dup_dataset/alpha=0.8/6-7-40/04158.txt,47,0.285333
0.8,6,7,40,benchmark/dup_dataset/alpha=0.8/6-7-40/04159.txt,2,0.012597
0.8,6,7,40,benchmark/dup_dataset/alpha=0.8/6-7-40/04160.txt,42,0.25396
0.8,6,7,40,benchmark/dup_dataset/alpha=0.8/6-7-40/04161.txt,55,0.340825
0.8,6,7,40,benchmark/dup_dataset/alpha=0.8/6-7-40/04162.txt,37,0.232563
0.8,6,7,40,benchmark/dup_dataset/alpha=0.8/6-7-40/04163.txt,30,0.194345
0.8,6,7,40,benchmark/dup_dataset/alpha=0.8/6-7-40/04164.txt,33,0.234994
0.8,6,7,40,benchmark/dup_dataset/alpha=0.8/6-7-40/04165.txt,41,0.274828
0.8,6,7,40,benchmark/dup_dataset/alpha=0.8/6-7-40/04166.txt,59,0.332675
0.8,6,7,40,benchmark/dup_dataset/alpha=0.8/6-7-40/04167.txt,37,0.236167
0.8,6,7,40,benchmark/dup_dataset/alpha=0.8/6-7-40/04168.txt,42,0.262379
0.8,6,7,40,benchmark/dup_dataset/alpha=0.8/6-7-40/04169.txt,51,0.2995
0.8,6,7,40,benchmark/dup_dataset/alpha=0.8/6-7-40/04170.txt,45,0.280681
0.8,6,7,40,benchmark/dup_dataset/alpha=0.8/6-7-40/04171.txt,49,0.274091
0.8,6,7,40,benchmark/dup_dataset/alpha=0.8/6-7-40/04172.txt,61,0.350064
0.8,6,7,40,benchmark/dup_dataset/alpha=0.8/6-7-40/04173.txt,36,0.228855
0.8,6,7,40,benchmark/dup_dataset/alpha=0.8/6-7-40/04174.txt,55,0.32833
0.8,6,7,40,benchmark/dup_dataset/alpha=0.8/6-7-40/04175.txt,38,0.225408
0.8,6,7,40,benchmark/dup_dataset/alpha=0.8/6-7-40/04176.txt,43,0.257805
0.8,6,7,40,benchmark/dup_dataset/alpha=0.8/6-7-40/04177.txt,53,0.295075
0.8,6,7,40,benchmark/dup_dataset/alpha=0.8/6-7-40/04178.txt,50,0.291241
0.8,6,7,40,benchmark/dup_dataset/alpha=0.8/6-7-40/04179.txt,7,0.041045
0.8,6,7,40,benchmark/dup_dataset/alpha=0.8/6-7-40/04180.txt,49,0.290677
0.8,6,7,40,benchmark/dup_dataset/alpha=0.8/6-7-40/04181.txt,41,0.246438
0.8,6,7,40,benchmark/dup_dataset/alpha=0.8/6-7-40/04182.txt,49,0.289023
0.8,6,7,40,benchmark/dup_dataset/alpha=0.8/6-7-40/04183.txt,60,0.341275
0.8,6,7,40,benchmark/dup_dataset/alpha=0.8/6-7-40/04184.txt,26,0.171848
0.8,6,7,40,benchmark/dup_dataset/alpha=0.8/6-7-40/04185.txt,52,0.326783
0.8,6,7,40,benchmark/dup_dataset/alpha=0.8/6-7-40/04186.txt,35,0.229216
0.8,6,7,40,benchmark/dup_dataset/alpha=0.8/6-7-40/04187.txt,45,0.277275
0.8,6,7,40,benchmark/dup_dataset/alpha=0.8/6-7-40/04188.txt,47,0.272577
0.8,6,7,40,benchmark/dup_dataset/alpha=0.8/6-7-40/04189.txt,50,0.288702
0.8,6,7,40,benchmark/dup_dataset/alpha=0.8/6-7-40/04190.txt,40,0.259293
0.8,6,7,40,benchmark/dup_dataset/alpha=0.8/6-7-40/04191.txt,30,0.188797
0.8,6,7,40,benchmark/dup_dataset/alpha=0.8/6-7-40/04192.txt,29,0.198609
0.8,6,7,40,benchmark/dup_dataset/alpha=0.8/6-7-40/04193.txt,45,0.271955
0.8,6,7,40,benchmark/dup_dataset/alpha=0.8/6-7-40/04194.txt,50,0.305456
0.8,6,7,40,benchmark/dup_dataset/alpha=0.8/6-7-40/04195.txt,40,0.254526
0.8,6,7,40,benchmark/dup_dataset/alpha=0.8/6-7-40/04196.txt,40,0.238276
0.8,6,7,40,benchmark/dup_dataset/alpha=0.8/6-7-40/04197.txt,55,0.32159
0.8,6,7,40,benchmark/dup_dataset/alpha=0.8/6-7-40/04198.txt,34,0.220684
0.8,6,7,40,benchmark/dup_dataset/alpha=0.8/6-7-40/04199.txt,51,0.310589
0.8,6,7,40,benchmark/dup_dataset/alpha=0.8/6-7-40/04200.txt,37,0.225523
0.8,6,7,41,benchmark/dup_dataset/alpha=0.8/6-7-41/04201.txt,37,0.224971
0.8,6,7,41,benchmark/dup_dataset/alpha=0.8/6-7-41/04202.txt,41,0.260206
0.8,6,7,41,benchmark/dup_dataset/alpha=0.8/6-7-41/04203.txt,44,0.265354
0.8,6,7,41,benchmark/dup_dataset/alpha=0.8/6-7-41/04204.txt,49,0.291973
0.8,6,7,41,benchmark/dup_dataset/alpha=0.8/6-7-41/04205.txt,38,0.24199
0.8,6,7,41,benchmark/dup_dataset/alpha=0.8/6-7-41/04206.txt,28,0.1751
0.8,6,7,41,benchmark/dup_dataset/alpha=0.8/6-7-41/04207.txt,43,0.264493
0.8,6,7,41,benchmark/dup_dataset/alpha=0.8/6-7-41/04208.txt,36,0.218907
0.8,6,7,41,benchmark/dup_dataset/alpha=0.8/6-7-41/04209.txt,32,0.21834
0.8,6,7,41,benchmark/dup_dataset/alpha=0.8/6-7-41/04210.txt,43,0.260779
0.8,6,7,41,benchmark/dup_dataset/alpha=0.8/6-7-41/04211.txt,43,0.267113
0.8,6,7,41,benchmark/dup_dataset/alpha=0.8/6-7-41/04212.txt,48,0.305185
0.8,6,7,41,benchmark/dup_dataset/alpha=0.8/6-7-41/04213.txt,47,0.281085
0.8,6,7,41,benchmark/dup_dataset/alpha=0.8/6-7-41/04214.txt,41,0.25361
0.8,6,7,41,benchmark/dup_dataset/alpha=0.8/6-7-41/04215.txt,55,0.318734
0.8,6,7,41,benchmark/dup_dataset/alpha=0.8/6-7-41/04216.txt,61,0.358143
0.8,6,7,41,benchmark/dup_dataset/alpha=0.8/6-7-41/04217.txt,46,0.276552
0.8,6,7,41,benchmark/dup_dataset/alpha=0.8/6-7-41/04218.txt,41,0.262318
0.8,6,7,41,benchmark/dup_dataset/alpha=0.8/6-7-41/04219.txt,45,0.275773
0.8,6,7,41,benchmark/dup_dataset/alpha=0.8/6-7-41/04220.txt,35,0.226843
0.8,6,7,41,benchmark/dup_dataset/alpha=0.8/6-7-41/04221.txt,35,0.2177
0.8,6,7,41,benchmark/dup_dataset/alpha=0.8/6-7-41/04222.txt,42,0.257227
0.8,6,7,41,benchmark/dup_dataset/alpha=0.8/6-7-41/04223.txt,32,0.212007
0.8,6,7,41,benchmark/dup_dataset/alpha=0.8/6-7-41/04224.txt,47,0.268506
0.8,6,7,41,benchmark/dup_dataset/alpha=0.8/6-7-41/04225.txt,35,0.217
0.8,6,7,41,benchmark/dup_dataset/alpha=0.8/6-7-41/04226.txt,2,0.012896
0.8,6,7,41,benchmark/dup_dataset/alpha=0.8/6-7-41/04227.txt,57,0.330385
0.8,6,7,41,benchmark/dup_dataset/alpha=0.8/6-7-41/04228.txt,58,0.327725
0.8,6,7,41,benchmark/dup_dataset/alpha=0.8/6-7-41/04229.txt,56,0.331436
0.8,6,7,41,benchmark/dup_dataset/alpha=0.8/6-7-41/04230.txt,52,0.307016
0.8,6,7,41,benchmark/dup_dataset/alpha=0.8/6-7-41/04231.txt,42,0.263835
0.8,6,7,41,benchmark/dup_dataset/alpha=0.8/6-7-41/04232.txt,54,0.311345
0.8,6,7,41,benchmark/dup_dataset/alpha=0.8/6-7-41/04233.txt,59,0.327134
0.8,6,7,41,benchmark/dup_dataset/alpha=0.8/6-7-41/04234.txt,45,0.278967
0.8,6,7,41,benchmark/dup_dataset/alpha=0.8/6-7-41/04235.txt,38,0.220333
0.8,6,7,41,benchmark/dup_dataset/alpha=0.8/6-7-41/04236.txt,51,0.291349
0.8,6,7,41,benchmark/dup_dataset/alpha=0.8/6-7-41/04237.txt,40,0.247872
0.8,6,7,41,benchmark/dup_dataset/alpha=0.8/6-7-41/04238.txt,40,0.25412
0.8,6,7,41,benchmark/dup_dataset/alpha=0.8/6-7-41/04239.txt,46,0.284295
0.8,6,7,41,benchmark/dup_dataset/alpha=0.8/6-7-41/04240.txt,52,0.313707
0.8,6,7,41,benchmark/dup_dataset/alpha=0.8/6-7-41/04241.txt,58,0.334262
0.8,6,7,41,benchmark/dup_dataset/alpha=0.8/6-7-41/04242.txt,44,0.273531
0.8,6,7,41,benchmark/dup_dataset/alpha=0.8/6-7-41/04243.txt,55,0.334209
0.8,6,7,41,benchmark/dup_dataset/alpha=0.8/6-7-41/04244.txt,40,0.24523
0.8,6,7,41,benchmark/dup_dataset/alpha=0.8/6-7-41/04245.txt,28,0.176909
0.8,6,7,41,benchmark/dup_dataset/alpha=0.8/6-7-41/04246.txt,35,0.223077
0.8,6,7,41,benchmark/dup_dataset/alpha=0.8/6-7-41/04247.txt,31,0.205946
0.8,6,7,41,benchmark/dup_dataset/alpha=0.8/6-7-41/04248.txt,37,0.233977
0.8,6,7,41,benchmark/dup_dataset/alpha=0.8/6-7-41/04249.txt,60,0.340583
0.8,6,7,41,benchmark/dup_dataset/alpha=0.8/6-7-41/04250.txt,37,0.231821
0.8,6,7,41,benchmark/dup_dataset/alpha=0.8/6-7-41/04251.txt,44,0.256019
0.8,6,7,41,benchmark/dup_dataset/alpha=0.8/6-7-41/04252.txt,49,0.301405
0.8,6,7,41,benchmark/dup_dataset/alpha=0.8/6-7-41/04253.txt,41,0.253423
0.8,6,7,41,benchmark/dup_dataset/alpha=0.8/6-7-41/04254.txt,2,0.017282
0.8,6,7,41,benchmark/dup_dataset/alpha=0.8/6-7-41/04255.txt,43,0.257296
0.8,6,7,41,benchmark/dup_dataset/alpha=0.8/6-7-41/04256.txt,52,0.300198
0.8,6,7,41,benchmark/dup_dataset/alpha=0.8/6-7-41/04257.txt,65,0.365102
0.8,6,7,41,benchmark/dup_dataset/alpha=0.8/6-7-41/04258.txt,61,0.340254
0.8,6,7,41,benchmark/dup_dataset/alpha=0.8/6-7-41/04259.txt,58,0.33509
0.8,6,7,41,benchmark/dup_dataset/alpha=0.8/6-7-41/04260.txt,41,0.250964
0.8,6,7,41,benchmark/dup_dataset/alpha=0.8/6-7-41/04261.txt,52,0.306125
0.8,6,7,41,benchmark/dup_dataset/alpha=0.8/6-7-41/04262.txt,2,0.013004
0.8,6,7,41,benchmark/dup_dataset/alpha=0.8/6-7-41/04263.txt,39,0.254958
0.8,6,7,41,benchmark/dup_dataset/alpha=0.8/6-7-41/04264.txt,39,0.226854
0.8,6,7,41,benchmark/dup_dataset/alpha=0.8/6-7-41/04265.txt,1,0.008706
0.8,6,7,41,benchmark/dup_dataset/alpha=0.8/6-7-41/04266.txt,39,0.232518
0.8,6,7,41,benchmark/dup_dataset/alpha=0.8/6-7-41/04267.txt,48,0.274898
0.8,6,7,41,benchmark/dup_dataset/alpha=0.8/6-7-41/04268.txt,44,0.276336
0.8,6,7,41,benchmark/dup_dataset/alpha=0.8/6-7-41/04269.txt,58,0.350785
0.8,6,7,41,benchmark/dup_dataset/alpha=0.8/6-7-41/04270.txt,39,0.236481
0.8,6,7,41,benchmark/dup_dataset/alpha=0.8/6-7-41/04271.txt,40,0.254426
0.8,6,7,41,benchmark/dup_dataset/alpha=0.8/6-7-41/04272.txt,49,0.286048
0.8,6,7,41,benchmark/dup_dataset/alpha=0.8/6-7-41/04273.txt,41,0.247091
0.8,6,7,41,benchmark/dup_dataset/alpha=0.8/6-7-41/04274.txt,45,0.27134
0.8,6,7,41,benchmark/dup_dataset/alpha=0.8/6-7-41/04275.txt,50,0.291318
0.8,6,7,41,benchmark/dup_dataset/alpha=0.8/6-7-41/04276.txt,55,0.322794
0.8,6,7,41,benchmark/dup_dataset/alpha=0.8/6-7-41/04277.txt,39,0.245612
0.8,6,7,41,benchmark/dup_dataset/alpha=0.8/6-7-41/04278.txt,34,0.214024
0.8,6,7,41,benchmark/dup_dataset/alpha=0.8/6-7-41/04279.txt,43,0.261156
0.8,6,7,41,benchmark/dup_dataset/alpha=0.8/6-7-41/04280.txt,37,0.234098
0.8,6,7,41,benchmark/dup_dataset/alpha=0.8/6-7-41/04281.txt,41,0.261587
0.8,6,7,41,benchmark/dup_dataset/alpha=0.8/6-7-41/04282.txt,46,0.271153
0.8,6,7,41,benchmark/dup_dataset/alpha=0.8/6-7-41/04283.txt,41,0.243789
0.8,6,7,41,benchmark/dup_dataset/alpha=0.8/6-7-41/04284.txt,56,0.335865
0.8,6,7,41,benchmark/dup_dataset/alpha=0.8/6-7-41/04285.txt,46,0.274971
0.8,6,7,41,benchmark/dup_dataset/alpha=0.8/6-7-41/04286.txt,36,0.21974
0.8,6,7,41,benchmark/dup_dataset/alpha=0.8/6-7-41/04287.txt,50,0.298982
0.8,6,7,41,benchmark/dup_dataset/alpha=0.8/6-7-41/04288.txt,52,0.294823
0.8,6,7,41,benchmark/dup_dataset/alpha=0.8/6-7-41/04289.txt,34,0.214531
0.8,6,7,41,benchmark/dup_dataset/alpha=0.8/6-7-41/04290.txt,44,0.266307
0.8,6,7,41,benchmark/dup_dataset/alpha=0.8/6-7-41/04291.txt,33,0.206209
0.8,6,7,41,benchmark/dup_dataset/alpha=0.8/6-7-41/04292.txt,39,0.245121
0.8,6,7,41,benchmark/dup_dataset/alpha=0.8/6-7-41/04293.txt,42,0.253021
0.8,6,7,41,benchmark/dup_dataset/alpha=0.8/6-7-41/04294.txt,1,0.00883
0.8,6,7,41,benchmark/dup_dataset/alpha=0.8/6-7-41/04295.txt,47,0.299639
0.8,6,7,41,benchmark/dup_dataset/alpha=0.8/6-7-41/04296.txt,38,0.254621
0.8,6,7,41,benchmark/dup_dataset/alpha=0.8/6-7-41/04297.txt,47,0.285342
0.8,6,7,41,benchmark/dup_dataset/alpha=0.8/6-7-41/04298.txt,50,0.290228
0.8,6,7,41,benchmark/dup_dataset/alpha=0.8/6-7-41/04299.txt,44,0.267867
0.8,6,7,41,benchmark/dup_dataset/alpha=0.8/6-7-41/04300.txt,51,0.300714
0.8,6,8,42,benchmark/dup_dataset/alpha=0.8/6-8-42/06201.txt,34,0.221275
0.8,6,8,42,benchmark/dup_dataset/alpha=0.8/6-8-42/06202.txt,45,0.27024
0.8,6,8,42,benchmark/dup_dataset/alpha=0.8/6-8-42/06203.txt,52,0.303557
0.8,6,8,42,benchmark/dup_dataset/alpha=0.8/6-8-42/06204.txt,36,0.216772
0.8,6,8,42,benchmark/dup_dataset/alpha=0.8/6-8-42/06205.txt,35,0.221185
0.8,6,8,42,benchmark/dup_dataset/alpha=0.8/6-8-42/06206.txt,40,0.238987
0.8,6,8,42,benchmark/dup_dataset/alpha=0.8/6-8-42/06207.txt,38,0.230888
0.8,6,8,42,benchmark/dup_dataset/alpha=0.8/6-8-42/06208.txt,43,0.270163
0.8,6,8,42,benchmark/dup_dataset/alpha=0.8/6-8-42/06209.txt,39,0.244597
0.8,6,8,42,benchmark/dup_dataset/alpha=0.8/6-8-42/06210.txt,45,0.274763
0.8,6,8,42,benchmark/dup_dataset/alpha=0.8/6-8-42/06211.txt,45,0.275307
0.8,6,8,42,benchmark/dup_dataset/alpha=0.8/6-8-42/06212.txt,54,0.319345
0.8,6,8,42,benchmark/dup_dataset/alpha=0.8/6-8-42/06213.txt,41,0.258654
0.8,6,8,42,benchmark/dup_dataset/alpha=0.8/6-8-42/06214.txt,39,0.26994
0.8,6,8,42,benchmark/dup_dataset/alpha=0.8/6-8-42/06215.txt,42,0.268667
0.8,6,8,42,benchmark/dup_dataset/alpha=0.8/6-8-42/06216.txt,48,0.287215
0.8,6,8,42,benchmark/dup_dataset/alpha=0.8/6-8-42/06217.txt,51,0.299351
0.8,6,8,42,benchmark/dup_dataset/alpha=0.8/6-8-42/06218.txt,36,0.224764
0.8,6,8,42,benchmark/dup_dataset/alpha=0.8/6-8-42/06219.txt,34,0.217904
0.8,6,8,42,benchmark/dup_dataset/alpha=0.8/6-8-42/06220.txt,39,0.243275
0.8,6,8,42,benchmark/dup_dataset/alpha=0.8/6-8-42/06221.txt,52,0.30279
0.8,6,8,42,benchmark/dup_dataset/alpha=0.8/6-8-42/06222.txt,58,0.315971
0.8,6,8,42,benchmark/dup_dataset/alpha=0.8/6-8-42/06223.txt,35,0.2233
0.8,6,8,42,benchmark/dup_dataset/alpha=0.8/6-8-42/06224.txt,32,0.204749
0.8,6,8,42,benchmark/dup_dataset/alpha=0.8/6-8-42/06225.txt,52,0.316455
0.8,6,8,42,benchmark/dup_dataset/alpha=0.8/6-8-42/06226.txt,46,0.276755
0.8,6,8,42,benchmark/dup_dataset/alpha=0.8/6-8-42/06227.txt,38,0.235268
0.8,6,8,42,benchmark/dup_dataset/alpha=0.8/6-8-42/06228.txt,47,0.272694
0.8,6,8,42,benchmark/dup_dataset/alpha=0.8/6-8-42/06229.txt,39,0.242108
0.8,6,8,42,benchmark/dup_dataset/alpha=0.8/6-8-42/06230.txt,33,0.20502
0.8,6,8,42,benchmark/dup_dataset/alpha=0.8/6-8-42/06231.txt,43,0.253606
0.8,6,8,42,benchmark/dup_dataset/alpha=0.8/6-8-42/06232.txt,60,0.339801
0.8,6,8,42,benchmark/dup_dataset/alpha=0.8/6-8-42/06233.txt,55,0.322938
0.8,6,8,42,benchmark/dup_dataset/alpha=0.8/6-8-42/06234.txt,39,0.242292
0.8,6,8,42,benchmark/dup_dataset/alpha=0.8/6-8-42/06235.txt,55,0.324309
0.8,6,8,42,benchmark/dup_dataset/alpha=0.8/6-8-42/06236.txt,40,0.244336
0.8,6,8,42,benchmark/dup_dataset/alpha=0.8/6-8-42/06237.txt,43,0.261636
0.8,6,8,42,benchmark/dup_dataset/alpha=0.8/6-8-42/06238.txt,48,0.2771
0.8,6,8,42,benchmark/dup_dataset/alpha=0.8/6-8-42/06239.txt,57,0.320217
0.8,6,8,42,benchmark/dup_dataset/alpha=0.8/6-8-42/06240.txt,46,0.278689
0.8,6,8,42,benchmark/dup_dataset/alpha=0.8/6-8-42/06241.txt,37,0.232119
0.8,6,8,42,benchmark/dup_dataset/alpha=0.8/6-8-42/06242.txt,40,0.24279
0.8,6,8,42,benchmark/dup_dataset/alpha=0.8/6-8-42/06243.txt,50,0.319782
0.8,6,8,42,benchmark/dup_dataset/alpha=0.8/6-8-42/06244.txt,48,0.281139
0.8,6,8,42,benchmark/dup_dataset/alpha=0.8/6-8-42/06245.txt,59,0.323304
0.8,6,8,42,benchmark/dup_dataset/alpha=0.8/6-8-42/06246.txt,48,0.272064
0.8,6,8,42,benchmark/dup_dataset/alpha=0.8/6-8-42/06247.txt,48,0.284994
0.8,6,8,42,benchmark/dup_dataset/alpha=0.8/6-8-42/06248.txt,40,0.247266
0.8,6,8,42,benchmark/dup_dataset/alpha=0.8/6-8-42/06249.txt,31,0.222316
0.8,6,8,42,benchmark/dup_dataset/alpha=0.8/6-8-42/06250.txt,47,0.314141
0.8,6,8,42,benchmark/dup_dataset/alpha=0.8/6-8-42/06251.txt,45,0.292703
0.8,6,8,42,benchmark/dup_dataset/alpha=0.8/6-8-42/06252.txt,54,0.346347
0.8,6,8,42,benchmark/dup_dataset/alpha=0.8/6-8-42/06253.txt,49,0.338632
0.8,6,8,42,benchmark/dup_dataset/alpha=0.8/6-8-42/06254.txt,51,0.341808
0.8,6,8,42,benchmark/dup_dataset/alpha=0.8/6-8-42/06255.txt,42,0.289147
0.8,6,8,42,benchmark/dup_dataset/alpha=0.8/6-8-42/06256.txt,37,0.252964
0.8,6,8,42,benchmark/dup_dataset/alpha=0.8/6-8-42/06257.txt,49,0.31587
0.8,6,8,42,benchmark/dup_dataset/alpha=0.8/6-8-42/06258.txt,54,0.345311
0.8,6,8,42,benchmark/dup_dataset/alpha=0.8/6-8-42/06259.txt,36,0.266856
0.8,6,8,42,benchmark/dup_dataset/alpha=0.8/6-8-42/06260.txt,51,0.320113
0.8,6,8,42,benchmark/dup_dataset/alpha=0.8/6-8-42/06261.txt,30,0.207363
0.8,6,8,42,benchmark/dup_dataset/alpha=0.8/6-8-42/06262.txt,42,0.288406
0.8,6,8,42,benchmark/dup_dataset/alpha=0.8/6-8-42/06263.txt,41,0.278717
0.8,6,8,42,benchmark/dup_dataset/alpha=0.8/6-8-42/06264.txt,36,0.255773
0.8,6,8,42,benchmark/dup_dataset/alpha=0.8/6-8-42/06265.txt,52,0.355526
0.8,6,8,42,benchmark/dup_dataset/alpha=0.8/6-8-42/06266.txt,36,0.232867
0.8,6,8,42,benchmark/dup_dataset/alpha=0.8/6-8-42/06267.txt,51,0.331477
0.8,6,8,42,benchmark/dup_dataset/alpha=0.8/6-8-42/06268.txt,45,0.301034
0.8,6,8,42,benchmark/dup_dataset/alpha=0.8/6-8-42/06269.txt,43,0.289203
0.8,6,8,42,benchmark/dup_dataset/alpha=0.8/6-8-42/06270.txt,49,0.327684
0.8,6,8,42,benchmark/dup_dataset/alpha=0.8/6-8-42/06271.txt,53,0.357604
0.8,6,8,42,benchmark/dup_dataset/alpha=0.8/6-8-42/06272.txt,38,0.252931
0.8,6,8,42,benchmark/dup_dataset/alpha=0.8/6-8-42/06273.txt,49,0.315467
0.8,6,8,42,benchmark/dup_dataset/alpha=0.8/6-8-42/06274.txt,50,0.343363
0.8,6,8,42,benchmark/dup_dataset/alpha=0.8/6-8-42/06275.txt,48,0.347014
0.8,6,8,42,benchmark/dup_dataset/alpha=0.8/6-8-42/06276.txt,30,0.21602
0.8,6,8,42,benchmark/dup_dataset/alpha=0.8/6-8-42/06277.txt,38,0.270842
0.8,6,8,42,benchmark/dup_dataset/alpha=0.8/6-8-42/06278.txt,52,0.341055
0.8,6,8,42,benchmark/dup_dataset/alpha=0.8/6-8-42/06279.txt,33,0.234493
0.8,6,8,42,benchmark/dup_dataset/alpha=0.8/6-8-42/06280.txt,38,0.274333
0.8,6,8,42,benchmark/dup_dataset/alpha=0.8/6-8-42/06281.txt,44,0.29831
0.8,6,8,42,benchmark/dup_dataset/alpha=0.8/6-8-42/06282.txt,50,0.316806
0.8,6,8,42,benchmark/dup_dataset/alpha=0.8/6-8-42/06283.txt,53,0.341893
0.8,6,8,42,benchmark/dup_dataset/alpha=0.8/6-8-42/06284.txt,46,0.301165
0.8,6,8,42,benchmark/dup_dataset/alpha=0.8/6-8-42/06285.txt,59,0.382698
0.8,6,8,42,benchmark/dup_dataset/alpha=0.8/6-8-42/06286.txt,41,0.297088
0.8,6,8,42,benchmark/dup_dataset/alpha=0.8/6-8-42/06287.txt,61,0.388857
0.8,6,8,42,benchmark/dup_dataset/alpha=0.8/6-8-42/06288.txt,40,0.274147
0.8,6,8,42,benchmark/dup_dataset/alpha=0.8/6-8-42/06289.txt,47,0.305982
0.8,6,8,42,benchmark/dup_dataset/alpha=0.8/6-8-42/06290.txt,40,0.262811
0.8,6,8,42,benchmark/dup_dataset/alpha=0.8/6-8-42/06291.txt,35,0.259247
0.8,6,8,42,benchmark/dup_dataset/alpha=0.8/6-8-42/06292.txt,42,0.283595
0.8,6,8,42,benchmark/dup_dataset/alpha=0.8/6-8-42/06293.txt,48,0.319352
0.8,6,8,42,benchmark/dup_dataset/alpha=0.8/6-8-42/06294.txt,62,0.399658
0.8,6,8,42,benchmark/dup_dataset/alpha=0.8/6-8-42/06295.txt,57,0.361369
0.8,6,8,42,benchmark/dup_dataset/alpha=0.8/6-8-42/06296.txt,58,0.345664
0.8,6,8,42,benchmark/dup_dataset/alpha=0.8/6-8-42/06297.txt,44,0.259992
0.8,6,8,42,benchmark/dup_dataset/alpha=0.8/6-8-42/06298.txt,44,0.265272
0.8,6,8,42,benchmark/dup_dataset/alpha=0.8/6-8-42/06299.txt,43,0.249308
0.8,6,8,42,benchmark/dup_dataset/alpha=0.8/6-8-42/06300.txt,41,0.236526
0.8,6,8,43,benchmark/dup_dataset/alpha=0.8/6-8-43/06301.txt,54,0.30248
0.8,6,8,43,benchmark/dup_dataset/alpha=0.8/6-8-43/06302.txt,35,0.219363
0.8,6,8,43,benchmark/dup_dataset/alpha=0.8/6-8-43/06303.txt,54,0.314551
0.8,6,8,43,benchmark/dup_dataset/alpha=0.8/6-8-43/06304.txt,55,0.318529
0.8,6,8,43,benchmark/dup_dataset/alpha=0.8/6-8-43/06305.txt,47,0.281999
0.8,6,8,43,benchmark/dup_dataset/alpha=0.8/6-8-43/06306.txt,57,0.335026
0.8,6,8,43,benchmark/dup_dataset/alpha=0.8/6-8-43/06307.txt,46,0.270862
0.8,6,8,43,benchmark/dup_dataset/alpha=0.8/6-8-43/06308.txt,33,0.207545
0.8,6,8,43,benchmark/dup_dataset/alpha=0.8/6-8-43/06309.txt,43,0.252187
0.8,6,8,43,benchmark/dup_dataset/alpha=0.8/6-8-43/06310.txt,54,0.315373
0.8,6,8,43,benchmark/dup_dataset/alpha=0.8/6-8-43/06311.txt,51,0.295206
0.8,6,8,43,benchmark/dup_dataset/alpha=0.8/6-8-43/06312.txt,51,0.30384
0.8,6,8,43,benchmark/dup_dataset/alpha=0.8/6-8-43/06313.txt,40,0.224759
0.8,6,8,43,benchmark/dup_dataset/alpha=0.8/6-8-43/06314.txt,47,0.275301
0.8,6,8,43,benchmark/dup_dataset/alpha=0.8/6-8-43/06315.txt,47,0.28377
0.8,6,8,43,benchmark/dup_dataset/alpha=0.8/6-8-43/06316.txt,48,0.287781
0.8,6,8,43,benchmark/dup_dataset/alpha=0.8/6-8-43/06317.txt,47,0.293408
0.8,6,8,43,benchmark/dup_dataset/alpha=0.8/6-8-43/06318.txt,41,0.240339
0.8,6,8,43,benchmark/dup_dataset/alpha=0.8/6-8-43/06319.txt,31,0.207674
0.8,6,8,43,benchmark/dup_dataset/alpha=0.8/6-8-43/06320.txt,52,0.312041
0.8,6,8,43,benchmark/dup_dataset/alpha=0.8/6-8-43/06321.txt,48,0.283504
0.8,6,8,43,benchmark/dup_dataset/alpha=0.8/6-8-43/06322.txt,55,0.324817
0.8,6,8,43,benchmark/dup_dataset/alpha=0.8/6-8-43/06323.txt,65,0.366782
0.8,6,8,43,benchmark/dup_dataset/alpha=0.8/6-8-43/06324.txt,70,0.383742
0.8,6,8,43,benchmark/dup_dataset/alpha=0.8/6-8-43/06325.txt,40,0.24376
0.8,6,8,43,benchmark/dup_dataset/alpha=0.8/6-8-43/06326.txt,47,0.274458
0.8,6,8,43,benchmark/dup_dataset/alpha=0.8/6-8-43/06327.txt,48,0.264244
0.8,6,8,43,benchmark/dup_dataset/alpha=0.8/6-8-43/06328.txt,50,0.276693
0.8,6,8,43,benchmark/dup_dataset/alpha=0.8/6-8-43/06329.txt,48,0.30317
0.8,6,8,43,benchmark/dup_dataset/alpha=0.8/6-8-43/06330.txt,53,0.301719
0.8,6,8,43,benchmark/dup_dataset/alpha=0.8/6-8-43/06331.txt,46,0.263483
0.8,6,8,43,benchmark/dup_dataset/alpha=0.8/6-8-43/06332.txt,50,0.293025
0.8,6,8,43,benchmark/dup_dataset/alpha=0.8/6-8-43/06333.txt,53,0.298767
0.8,6,8,43,benchmark/dup_dataset/alpha=0.8/6-8-43/06334.txt,44,0.269334
0.8,6,8,43,benchmark/dup_dataset/alpha=0.8/6-8-43/06335.txt,51,0.286496
0.8,6,8,43,benchmark/dup_dataset/alpha=0.8/6-8-43/06336.txt,41,0.234083
0.8,6,8,43,benchmark/dup_dataset/alpha=0.8/6-8-43/06337.txt,58,0.322036
0.8,6,8,43,benchmark/dup_dataset/alpha=0.8/6-8-43/06338.txt,51,0.299847
0.8,6,8,43,benchmark/dup_dataset/alpha=0.8/6-8-43/06339.txt,46,0.266304
0.8,6,8,43,benchmark/dup_dataset/alpha=0.8/6-8-43/06340.txt,54,0.307174
0.8,6,8,43,benchmark/dup_dataset/alpha=0.8/6-8-43/06341.txt,57,0.333546
0.8,6,8,43,benchmark/dup_dataset/alpha=0.8/6-8-43/06342.txt,40,0.244708
0.8,6,8,43,benchmark/dup_dataset/alpha=0.8/6-8-43/06343.txt,50,0.297031
0.8,6,8,43,benchmark/dup_dataset/alpha=0.8/6-8-43/06344.txt,43,0.255309
0.8,6,8,43,benchmark/dup_dataset/alpha=0.8/6-8-43/06345.txt,47,0.269756
0.8,6,8,43,benchmark/dup_dataset/alpha=0.8/6-8-43/06346.txt,38,0.23513
0.8,6,8,43,benchmark/dup_dataset/alpha=0.8/6-8-43/06347.txt,54,0.318349
0.8,6,8,43,benchmark/dup_dataset/alpha=0.8/6-8-43/06348.txt,44,0.263897
0.8,6,8,43,benchmark/dup_dataset/alpha=0.8/6-8-43/06349.txt,38,0.236616
0.8,6,8,43,benchmark/dup_dataset/alpha=0.8/6-8-43/06350.txt,55,0.313147
0.8,6,8,43,benchmark/dup_dataset/alpha=0.8/6-8-43/06351.txt,43,0.256768
0.8,6,8,43,benchmark/dup_dataset/alpha=0.8/6-8-43/06352.txt,47,0.28088
0.8,6,8,43,benchmark/dup_dataset/alpha=0.8/6-8-43/06353.txt,47,0.270882
0.8,6,8,43,benchmark/dup_dataset/alpha=0.8/6-8-43/06354.txt,59,0.338051
0.8,6,8,43,benchmark/dup_dataset/alpha=0.8/6-8-43/06355.txt,51,0.285321
0.8,6,8,43,benchmark/dup_dataset/alpha=0.8/6-8-43/06356.txt,54,0.321982
0.8,6,8,43,benchmark/dup_dataset/alpha=0.8/6-8-43/06357.txt,56,0.294694
0.8,6,8,43,benchmark/dup_dataset/alpha=0.8/6-8-43/06358.txt,33,0.196337
0.8,6,8,43,benchmark/dup_dataset/alpha=0.8/6-8-43/06359.txt,48,0.272605
0.8,6,8,43,benchmark/dup_dataset/alpha=0.8/6-8-43/06360.txt,29,0.174215
0.8,6,8,43,benchmark/dup_dataset/alpha=0.8/6-8-43/06361.txt,34,0.204773
0.8,6,8,43,benchmark/dup_dataset/alpha=0.8/6-8-43/06362.txt,41,0.244799
0.8,6,8,43,benchmark/dup_dataset/alpha=0.8/6-8-43/06363.txt,48,0.277683
0.8,6,8,43,benchmark/dup_dataset/alpha=0.8/6-8-43/06364.txt,38,0.222921
0.8,6,8,43,benchmark/dup_dataset/alpha=0.8/6-8-43/06365.txt,35,0.220399
0.8,6,8,43,benchmark/dup_dataset/alpha=0.8/6-8-43/06366.txt,58,0.326249
0.8,6,8,43,benchmark/dup_dataset/alpha=0.8/6-8-43/06367.txt,53,0.295368
0.8,6,8,43,benchmark/dup_dataset/alpha=0.8/6-8-43/06368.txt,41,0.255057
0.8,6,8,43,benchmark/dup_dataset/alpha=0.8/6-8-43/06369.txt,49,0.29364
0.8,6,8,43,benchmark/dup_dataset/alpha=0.8/6-8-43/06370.txt,37,0.220519
0.8,6,8,43,benchmark/dup_dataset/alpha=0.8/6-8-43/06371.txt,53,0.30557
0.8,6,8,43,benchmark/dup_dataset/alpha=0.8/6-8-43/06372.txt,56,0.327942
0.8,6,8,43,benchmark/dup_dataset/alpha=0.8/6-8-43/06373.txt,62,0.348853
0.8,6,8,43,benchmark/dup_dataset/alpha=0.8/6-8-43/06374.txt,49,0.306572
0.8,6,8,43,benchmark/dup_dataset/alpha=0.8/6-8-43/06375.txt,45,0.310127
0.8,6,8,43,benchmark/dup_dataset/alpha=0.8/6-8-43/06376.txt,45,0.300492
0.8,6,8,43,benchmark/dup_dataset/alpha=0.8/6-8-43/06377.txt,38,0.261323
0.8,6,8,43,benchmark/dup_dataset/alpha=0.8/6-8-43/06378.txt,45,0.295581
0.8,6,8,43,benchmark/dup_dataset/alpha=0.8/6-8-43/06379.txt,46,0.31242
0.8,6,8,43,benchmark/dup_dataset/alpha=0.8/6-8-43/06380.txt,40,0.270605
0.8,6,8,43,benchmark/dup_dataset/alpha=0.8/6-8-43/06381.txt,51,0.333407
0.8,6,8,43,benchmark/dup_dataset/alpha=0.8/6-8-43/06382.txt,50,0.324193
0.8,6,8,43,benchmark/dup_dataset/alpha=0.8/6-8-43/06383.txt,53,0.303362
0.8,6,8,43,benchmark/dup_dataset/alpha=0.8/6-8-43/06384.txt,45,0.270459
0.8,6,8,43,benchmark/dup_dataset/alpha=0.8/6-8-43/06385.txt,42,0.252514
0.8,6,8,43,benchmark/dup_dataset/alpha=0.8/6-8-43/06386.txt,33,0.210564
0.8,6,8,43,benchmark/dup_dataset/alpha=0.8/6-8-43/06387.txt,53,0.343426
0.8,6,8,43,benchmark/dup_dataset/alpha=0.8/6-8-43/06388.txt,56,0.338264
0.8,6,8,43,benchmark/dup_dataset/alpha=0.8/6-8-43/06389.txt,54,0.314779
0.8,6,8,43,benchmark/dup_dataset/alpha=0.8/6-8-43/06390.txt,46,0.296778
0.8,6,8,43,benchmark/dup_dataset/alpha=0.8/6-8-43/06391.txt,38,0.235729
0.8,6,8,43,benchmark/dup_dataset/alpha=0.8/6-8-43/06392.txt,44,0.296814
0.8,6,8,43,benchmark/dup_dataset/alpha=0.8/6-8-43/06393.txt,52,0.356515
0.8,6,8,43,benchmark/dup_dataset/alpha=0.8/6-8-43/06394.txt,47,0.314264
0.8,6,8,43,benchmark/dup_dataset/alpha=0.8/6-8-43/06395.txt,58,0.372908
0.8,6,8,43,benchmark/dup_dataset/alpha=0.8/6-8-43/06396.txt,46,0.310492
0.8,6,8,43,benchmark/dup_dataset/alpha=0.8/6-8-43/06397.txt,58,0.380189
0.8,6,8,43,benchmark/dup_dataset/alpha=0.8/6-8-43/06398.txt,54,0.364074
0.8,6,8,43,benchmark/dup_dataset/alpha=0.8/6-8-43/06399.txt,42,0.283528
0.8,6,8,43,benchmark/dup_dataset/alpha=0.8/6-8-43/06400.txt,59,0.390648
0.8,6,8,44,benchmark/dup_dataset/alpha=0.8/6-8-44/06401.txt,48,0.307823
0.8,6,8,44,benchmark/dup_dataset/alpha=0.8/6-8-44/06402.txt,47,0.311183
0.8,6,8,44,benchmark/dup_dataset/alpha=0.8/6-8-44/06403.txt,51,0.32822
0.8,6,8,44,benchmark/dup_dataset/alpha=0.8/6-8-44/06404.txt,42,0.284659
0.8,6,8,44,benchmark/dup_dataset/alpha=0.8/6-8-44/06405.txt,56,0.378464
0.8,6,8,44,benchmark/dup_dataset/alpha=0.8/6-8-44/06406.txt,33,0.234642
0.8,6,8,44,benchmark/dup_dataset/alpha=0.8/6-8-44/06407.txt,33,0.23388
0.8,6,8,44,benchmark/dup_dataset/alpha=0.8/6-8-44/06408.txt,60,0.400515
0.8,6,8,44,benchmark/dup_dataset/alpha=0.8/6-8-44/06409.txt,35,0.270601
0.8,6,8,44,benchmark/dup_dataset/alpha=0.8/6-8-44/06410.txt,44,0.299289
0.8,6,8,44,benchmark/dup_dataset/alpha=0.8/6-8-44/06411.txt,46,0.311098
0.8,6,8,44,benchmark/dup_dataset/alpha=0.8/6-8-44/06412.txt,48,0.3215
0.8,6,8,44,benchmark/dup_dataset/alpha=0.8/6-8-44/06413.txt,50,0.339178
0.8,6,8,44,benchmark/dup_dataset/alpha=0.8/6-8-44/06414.txt,52,0.338216
0.8,6,8,44,benchmark/dup_dataset/alpha=0.8/6-8-44/06415.txt,50,0.338613
0.8,6,8,44,benchmark/dup_dataset/alpha=0.8/6-8-44/06416.txt,51,0.340626
0.8,6,8,44,benchmark/dup_dataset/alpha=0.8/6-8-44/06417.txt,37,0.251885
0.8,6,8,44,benchmark/dup_dataset/alpha=0.8/6-8-44/06418.txt,50,0.332217
0.8,6,8,44,benchmark/dup_dataset/alpha=0.8/6-8-44/06419.txt,38,0.265046
0.8,6,8,44,benchmark/dup_dataset/alpha=0.8/6-8-44/06420.txt,49,0.305458
0.8,6,8,44,benchmark/dup_dataset/alpha=0.8/6-8-44/06421.txt,52,0.318802
0.8,6,8,44,benchmark/dup_dataset/alpha=0.8/6-8-44/06422.txt,37,0.265209
0.8,6,8,44,benchmark/dup_dataset/alpha=0.8/6-8-44/06423.txt,52,0.329041
0.8,6,8,44,benchmark/dup_dataset/alpha=0.8/6-8-44/06424.txt,45,0.316164
0.8,6,8,44,benchmark/dup_dataset/alpha=0.8/6-8-44/06425.txt,53,0.341467
0.8,6,8,44,benchmark/dup_dataset/alpha=0.8/6-8-44/06426.txt,39,0.295463
0.8,6,8,44,benchmark/dup_dataset/alpha=0.8/6-8-44/06427.txt,45,0.300482
0.8,6,8,44,benchmark/dup_dataset/alpha=0.8/6-8-44/06428.txt,44,0.302949
0.8,6,8,44,benchmark/dup_dataset/alpha=0.8/6-8-44/06429.txt,61,0.374299
0.8,6,8,44,benchmark/dup_dataset/alpha=0.8/6-8-44/06430.txt,50,0.32979
0.8,6,8,44,benchmark/dup_dataset/alpha=0.8/6-8-44/06431.txt,42,0.290261
0.8,6,8,44,benchmark/dup_dataset/alpha=0.8/6-8-44/06432.txt,48,0.310082
0.8,6,8,44,benchmark/dup_dataset/alpha=0.8/6-8-44/06433.txt,58,0.374388
0.8,6,8,44,benchmark/dup_dataset/alpha=0.8/6-8-44/06434.txt,58,0.374787
0.8,6,8,44,benchmark/dup_dataset/alpha=0.8/6-8-44/06435.txt,56,0.36566
0.8,6,8,44,benchmark/dup_dataset/alpha=0.8/6-8-44/06436.txt,31,0.207325
0.8,6,8,44,benchmark/dup_dataset/alpha=0.8/6-8-44/06437.txt,33,0.237576
0.8,6,8,44,benchmark/dup_dataset/alpha=0.8/6-8-44/06438.txt,54,0.357958
0.8,6,8,44,benchmark/dup_dataset/alpha=0.8/6-8-44/06439.txt,47,0.320562
0.8,6,8,44,benchmark/dup_dataset/alpha=0.8/6-8-44/06440.txt,62,0.416351
0.8,6,8,44,benchmark/dup_dataset/alpha=0.8/6-8-44/06441.txt,55,0.369832
0.8,6,8,44,benchmark/dup_dataset/alpha=0.8/6-8-44/06442.txt,35,0.243985
0.8,6,8,44,benchmark/dup_dataset/alpha=0.8/6-8-44/06443.txt,56,0.373187
0.8,6,8,44,benchmark/dup_dataset/alpha=0.8/6-8-44/06444.txt,33,0.229902
0.8,6,8,44,benchmark/dup_dataset/alpha=0.8/6-8-44/06445.txt,48,0.316009
0.8,6,8,44,benchmark/dup_dataset/alpha=0.8/6-8-44/06446.txt,64,0.412929
0.8,6,8,44,benchmark/dup_dataset/alpha=0.8/6-8-44/06447.txt,62,0.400853
0.8,6,8,44,benchmark/dup_dataset/alpha=0.8/6-8-44/06448.txt,45,0.307499
0.8,6,8,44,benchmark/dup_dataset/alpha=0.8/6-8-44/06449.txt,50,0.328652
0.8,6,8,44,benchmark/dup_dataset/alpha=0.8/6-8-44/06450.txt,50,0.349798
0.8,6,8,44,benchmark/dup_dataset/alpha=0.8/6-8-44/06451.txt,4,0.023563
0.8,6,8,44,benchmark/dup_dataset/alpha=0.8/6-8-44/06452.txt,53,0.326695
0.8,6,8,44,benchmark/dup_dataset/alpha=0.8/6-8-44/06453.txt,45,0.300965
0.8,6,8,44,benchmark/dup_dataset/alpha=0.8/6-8-44/06454.txt,65,0.391736
0.8,6,8,44,benchmark/dup_dataset/alpha=0.8/6-8-44/06455.txt,45,0.319559
0.8,6,8,44,benchmark/dup_dataset/alpha=0.8/6-8-44/06456.txt,51,0.334428
0.8,6,8,44,benchmark/dup_dataset/alpha=0.8/6-8-44/06457.txt,50,0.339261
0.8,6,8,44,benchmark/dup_dataset/alpha=0.8/6-8-44/06458.txt,31,0.224666
0.8,6,8,44,benchmark/dup_dataset/alpha=0.8/6-8-44/06459.txt,57,0.387409
0.8,6,8,44,benchmark/dup_dataset/alpha=0.8/6-8-44/06460.txt,37,0.256341
0.8,6,8,44,benchmark/dup_dataset/alpha=0.8/6-8-44/06461.txt,42,0.283342
0.8,6,8,44,benchmark/dup_dataset/alpha=0.8/6-8-44/06462.txt,43,0.30708
0.8,6,8,44,benchmark/dup_dataset/alpha=0.8/6-8-44/06463.txt,2,0.014299
0.8,6,8,44,benchmark/dup_dataset/alpha=0.8/6-8-44/06464.txt,36,0.252861
0.8,6,8,44,benchmark/dup_dataset/alpha=0.8/6-8-44/06465.txt,54,0.360174
0.8,6,8,44,benchmark/dup_dataset/alpha=0.8/6-8-44/06466.txt,46,0.324337
0.8,6,8,44,benchmark/dup_dataset/alpha=0.8/6-8-44/06467.txt,47,0.310903
0.8,6,8,44,benchmark/dup_dataset/alpha=0.8/6-8-44/06468.txt,52,0.346526
0.8,6,8,44,benchmark/dup_dataset/alpha=0.8/6-8-44/06469.txt,46,0.319774
0.8,6,8,44,benchmark/dup_dataset/alpha=0.8/6-8-44/06470.txt,44,0.317605
0.8,6,8,44,benchmark/dup_dataset/alpha=0.8/6-8-44/06471.txt,43,0.28817
0.8,6,8,44,benchmark/dup_dataset/alpha=0.8/6-8-44/06472.txt,54,0.34435
0.8,6,8,44,benchmark/dup_dataset/alpha=0.8/6-8-44/06473.txt,50,0.294952
0.8,6,8,44,benchmark/dup_dataset/alpha=0.8/6-8-44/06474.txt,51,0.287577
0.8,6,8,44,benchmark/dup_dataset/alpha=0.8/6-8-44/06475.txt,46,0.267979
0.8,6,8,44,benchmark/dup_dataset/alpha=0.8/6-8-44/06476.txt,54,0.297258
0.8,6,8,44,benchmark/dup_dataset/alpha=0.8/6-8-44/06477.txt,36,0.232432
0.8,6,8,44,benchmark/dup_dataset/alpha=0.8/6-8-44/06478.txt,40,0.245567
0.8,6,8,44,benchmark/dup_dataset/alpha=0.8/6-8-44/06479.txt,53,0.310117
0.8,6,8,44,benchmark/dup_dataset/alpha=0.8/6-8-44/06480.txt,51,0.290842
0.8,6,8,44,benchmark/dup_dataset/alpha=0.8/6-8-44/06481.txt,51,0.315794
0.8,6,8,44,benchmark/dup_dataset/alpha=0.8/6-8-44/06482.txt,39,0.241262
0.8,6,8,44,benchmark/dup_dataset/alpha=0.8/6-8-44/06483.txt,45,0.262538
0.8,6,8,44,benchmark/dup_dataset/alpha=0.8/6-8-44/06484.txt,46,0.262811
0.8,6,8,44,benchmark/dup_dataset/alpha=0.8/6-8-44/06485.txt,66,0.3673
0.8,6,8,44,benchmark/dup_dataset/alpha=0.8/6-8-44/06486.txt,43,0.247379
0.8,6,8,44,benchmark/dup_dataset/alpha=0.8/6-8-44/06487.txt,45,0.263364
0.8,6,8,44,benchmark/dup_dataset/alpha=0.8/6-8-44/06488.txt,45,0.278138
0.8,6,8,44,benchmark/dup_dataset/alpha=0.8/6-8-44/06489.txt,49,0.299651
0.8,6,8,44,benchmark/dup_dataset/alpha=0.8/6-8-44/06490.txt,54,0.313702
0.8,6,8,44,benchmark/dup_dataset/alpha=0.8/6-8-44/06491.txt,70,0.389913
0.8,6,8,44,benchmark/dup_dataset/alpha=0.8/6-8-44/06492.txt,62,0.340784
0.8,6,8,44,benchmark/dup_dataset/alpha=0.8/6-8-44/06493.txt,43,0.251147
0.8,6,8,44,benchmark/dup_dataset/alpha=0.8/6-8-44/06494.txt,61,0.343386
0.8,6,8,44,benchmark/dup_dataset/alpha=0.8/6-8-44/06495.txt,67,0.378661
0.8,6,8,44,benchmark/dup_dataset/alpha=0.8/6-8-44/06496.txt,52,0.303103
0.8,6,8,44,benchmark/dup_dataset/alpha=0.8/6-8-44/06497.txt,55,0.322153
0.8,6,8,44,benchmark/dup_dataset/alpha=0.8/6-8-44/06498.txt,47,0.264471
0.8,6,8,44,benchmark/dup_dataset/alpha=0.8/6-8-44/06499.txt,49,0.289625
0.8,6,8,44,benchmark/dup_dataset/alpha=0.8/6-8-44/06500.txt,38,0.239178
0.8,6,8,45,benchmark/dup_dataset/alpha=0.8/6-8-45/06501.txt,38,0.228866
0.8,6,8,45,benchmark/dup_dataset/alpha=0.8/6-8-45/06502.txt,46,0.271937
0.8,6,8,45,benchmark/dup_dataset/alpha=0.8/6-8-45/06503.txt,40,0.226611
0.8,6,8,45,benchmark/dup_dataset/alpha=0.8/6-8-45/06504.txt,61,0.343252
0.8,6,8,45,benchmark/dup_dataset/alpha=0.8/6-8-45/06505.txt,44,0.261776
0.8,6,8,45,benchmark/dup_dataset/alpha=0.8/6-8-45/06506.txt,49,0.298623
0.8,6,8,45,benchmark/dup_dataset/alpha=0.8/6-8-45/06507.txt,35,0.218536
0.8,6,8,45,benchmark/dup_dataset/alpha=0.8/6-8-45/06508.txt,46,0.277107
0.8,6,8,45,benchmark/dup_dataset/alpha=0.8/6-8-45/06509.txt,41,0.239988
0.8,6,8,45,benchmark/dup_dataset/alpha=0.8/6-8-45/06510.txt,3,0.016672
0.8,6,8,45,benchmark/dup_dataset/alpha=0.8/6-8-45/06511.txt,46,0.279575
0.8,6,8,45,benchmark/dup_dataset/alpha=0.8/6-8-45/06512.txt,52,0.318211
0.8,6,8,45,benchmark/dup_dataset/alpha=0.8/6-8-45/06513.txt,46,0.273228
0.8,6,8,45,benchmark/dup_dataset/alpha=0.8/6-8-45/06514.txt,56,0.32501
0.8,6,8,45,benchmark/dup_dataset/alpha=0.8/6-8-45/06515.txt,50,0.300557
0.8,6,8,45,benchmark/dup_dataset/alpha=0.8/6-8-45/06516.txt,66,0.374236
0.8,6,8,45,benchmark/dup_dataset/alpha=0.8/6-8-45/06517.txt,51,0.297972
0.8,6,8,45,benchmark/dup_dataset/alpha=0.8/6-8-45/06518.txt,55,0.331546
0.8,6,8,45,benchmark/dup_dataset/alpha=0.8/6-8-45/06519.txt,55,0.317716
0.8,6,8,45,benchmark/dup_dataset/alpha=0.8/6-8-45/06520.txt,55,0.316917
0.8,6,8,45,benchmark/dup_dataset/alpha=0.8/6-8-45/06521.txt,53,0.307543
0.8,6,8,45,benchmark/dup_dataset/alpha=0.8/6-8-45/06522.txt,53,0.30832
0.8,6,8,45,benchmark/dup_dataset/alpha=0.8/6-8-45/06523.txt,51,0.28785
0.8,6,8,45,benchmark/dup_dataset/alpha=0.8/6-8-45/06524.txt,46,0.263937
0.8,6,8,45,benchmark/dup_dataset/alpha=0.8/6-8-45/06525.txt,45,0.260557
0.8,6,8,45,benchmark/dup_dataset/alpha=0.8/6-8-45/06526.txt,60,0.351624
0.8,6,8,45,benchmark/dup_dataset/alpha=0.8/6-8-45/06527.txt,42,0.247023
0.8,6,8,45,benchmark/dup_dataset/alpha=0.8/6-8-45/06528.txt,43,0.256221
0.8,6,8,45,benchmark/dup_dataset/alpha=0.8/6-8-45/06529.txt,54,0.311372
0.8,6,8,45,benchmark/dup_dataset/alpha=0.8/6-8-45/06530.txt,52,0.317221
0.8,6,8,45,benchmark/dup_dataset/alpha=0.8/6-8-45/06531.txt,50,0.302736
0.8,6,8,45,benchmark/dup_dataset/alpha=0.8/6-8-45/06532.txt,56,0.331238
0.8,6,8,45,benchmark/dup_dataset/alpha=0.8/6-8-45/06533.txt,49,0.293798
0.8,6,8,45,benchmark/dup_dataset/alpha=0.8/6-8-45/06534.txt,45,0.274332
0.8,6,8,45,benchmark/dup_dataset/alpha=0.8/6-8-45/06535.txt,69,0.399726
0.8,6,8,45,benchmark/dup_dataset/alpha=0.8/6-8-45/06536.txt,53,0.32722
0.8,6,8,45,benchmark/dup_dataset/alpha=0.8/6-8-45/06537.txt,41,0.259148
0.8,6,8,45,benchmark/dup_dataset/alpha=0.8/6-8-45/06538.txt,48,0.300574
0.8,6,8,45,benchmark/dup_dataset/alpha=0.8/6-8-45/06539.txt,4,0.020539
0.8,6,8,45,benchmark/dup_dataset/alpha=0.8/6-8-45/06540.txt,50,0.301236
0.8,6,8,45,benchmark/dup_dataset/alpha=0.8/6-8-45/06541.txt,64,0.350199
0.8,6,8,45,benchmark/dup_dataset/alpha=0.8/6-8-45/06542.txt,54,0.315326
0.8,6,8,45,benchmark/dup_dataset/alpha=0.8/6-8-45/06543.txt,43,0.249498
0.8,6,8,45,benchmark/dup_dataset/alpha=0.8/6-8-45/06544.txt,49,0.302523
0.8,6,8,45,benchmark/dup_dataset/alpha=0.8/6-8-45/06545.txt,48,0.28602
0.8,6,8,45,benchmark/dup_dataset/alpha=0.8/6-8-45/06546.txt,63,0.348841
0.8,6,8,45,benchmark/dup_dataset/alpha=0.8/6-8-45/06547.txt,55,0.317236
0.8,6,8,45,benchmark/dup_dataset/alpha=0.8/6-8-45/06548.txt,53,0.307454
0.8,6,8,45,benchmark/dup_dataset/alpha=0.8/6-8-45/06549.txt,40,0.249955
0.8,6,8,45,benchmark/dup_dataset/alpha=0.8/6-8-45/06550.txt,44,0.26464
0.8,6,8,45,benchmark/dup_dataset/alpha=0.8/6-8-45/06551.txt,36,0.22796
0.8,6,8,45,benchmark/dup_dataset/alpha=0.8/6-8-45/06552.txt,55,0.327929
0.8,6,8,45,benchmark/dup_dataset/alpha=0.8/6-8-45/06553.txt,43,0.264073
0.8,6,8,45,benchmark/dup_dataset/alpha=0.8/6-8-45/06554.txt,67,0.378912
0.8,6,8,45,benchmark/dup_dataset/alpha=0.8/6-8-45/06555.txt,42,0.257986
0.8,6,8,45,benchmark/dup_dataset/alpha=0.8/6-8-45/06556.txt,47,0.274885
0.8,6,8,45,benchmark/dup_dataset/alpha=0.8/6-8-45/06557.txt,41,0.248506
0.8,6,8,45,benchmark/dup_dataset/alpha=0.8/6-8-45/06558.txt,54,0.31071
0.8,6,8,45,benchmark/dup_dataset/alpha=0.8/6-8-45/06559.txt,42,0.259577
0.8,6,8,45,benchmark/dup_dataset/alpha=0.8/6-8-45/06560.txt,51,0.297747
0.8,6,8,45,benchmark/dup_dataset/alpha=0.8/6-8-45/06561.txt,43,0.262538
0.8,6,8,45,benchmark/dup_dataset/alpha=0.8/6-8-45/06562.txt,48,0.280319
0.8,6,8,45,benchmark/dup_dataset/alpha=0.8/6-8-45/06563.txt,49,0.278707
0.8,6,8,45,benchmark/dup_dataset/alpha=0.8/6-8-45/06564.txt,52,0.302351
0.8,6,8,45,benchmark/dup_dataset/alpha=0.8/6-8-45/06565.txt,56,0.329715
0.8,6,8,45,benchmark/dup_dataset/alpha=0.8/6-8-45/06566.txt,51,0.297726
0.8,6,8,45,benchmark/dup_dataset/alpha=0.8/6-8-45/06567.txt,40,0.253059
0.8,6,8,45,benchmark/dup_dataset/alpha=0.8/6-8-45/06568.txt,53,0.3071
0.8,6,8,45,benchmark/dup_dataset/alpha=0.8/6-8-45/06569.txt,44,0.262791
0.8,6,8,45,benchmark/dup_dataset/alpha=0.8/6-8-45/06570.txt,53,0.316021
0.8,6,8,45,benchmark/dup_dataset/alpha=0.8/6-8-45/06571.txt,36,0.221187
0.8,6,8,45,benchmark/dup_dataset/alpha=0.8/6-8-45/06572.txt,43,0.256101
0.8,6,8,45,benchmark/dup_dataset/alpha=0.8/6-8-45/06573.txt,69,0.396118
0.8,6,8,45,benchmark/dup_dataset/alpha=0.8/6-8-45/06574.txt,47,0.271303
0.8,6,8,45,benchmark/dup_dataset/alpha=0.8/6-8-45/06575.txt,49,0.268355
0.8,6,8,45,benchmark/dup_dataset/alpha=0.8/6-8-45/06576.txt,55,0.311437
0.8,6,8,45,benchmark/dup_dataset/alpha=0.8/6-8-45/06577.txt,54,0.315833
0.8,6,8,45,benchmark/dup_dataset/alpha=0.8/6-8-45/06578.txt,44,0.252509
0.8,6,8,45,benchmark/dup_dataset/alpha=0.8/6-8-45/06579.txt,46,0.282597
0.8,6,8,45,benchmark/dup_dataset/alpha=0.8/6-8-45/06580.txt,47,0.275553
0.8,6,8,45,benchmark/dup_dataset/alpha=0.8/6-8-45/06581.txt,73,0.40988
0.8,6,8,45,benchmark/dup_dataset/alpha=0.8/6-8-45/06582.txt,49,0.290691
0.8,6,8,45,benchmark/dup_dataset/alpha=0.8/6-8-45/06583.txt,47,0.280047
0.8,6,8,45,benchmark/dup_dataset/alpha=0.8/6-8-45/06584.txt,49,0.29103
0.8,6,8,45,benchmark/dup_dataset/alpha=0.8/6-8-45/06585.txt,48,0.292441
0.8,6,8,45,benchmark/dup_dataset/alpha=0.8/6-8-45/06586.txt,43,0.265082
0.8,6,8,45,benchmark/dup_dataset/alpha=0.8/6-8-45/06587.txt,38,0.23558
0.8,6,8,45,benchmark/dup_dataset/alpha=0.8/6-8-45/06588.txt,64,0.366909
0.8,6,8,45,benchmark/dup_dataset/alpha=0.8/6-8-45/06589.txt,4,0.020734
0.8,6,8,45,benchmark/dup_dataset/alpha=0.8/6-8-45/06590.txt,56,0.330598
0.8,6,8,45,benchmark/dup_dataset/alpha=0.8/6-8-45/06591.txt,41,0.258994
0.8,6,8,45,benchmark/dup_dataset/alpha=0.8/6-8-45/06592.txt,39,0.258368
0.8,6,8,45,benchmark/dup_dataset/alpha=0.8/6-8-45/06593.txt,47,0.265822
0.8,6,8,45,benchmark/dup_dataset/alpha=0.8/6-8-45/06594.txt,43,0.259708
0.8,6,8,45,benchmark/dup_dataset/alpha=0.8/6-8-45/06595.txt,59,0.345444
0.8,6,8,45,benchmark/dup_dataset/alpha=0.8/6-8-45/06596.txt,44,0.251035
0.8,6,8,45,benchmark/dup_dataset/alpha=0.8/6-8-45/06597.txt,52,0.30019
0.8,6,8,45,benchmark/dup_dataset/alpha=0.8/6-8-45/06598.txt,41,0.248075
0.8,6,8,45,benchmark/dup_dataset/alpha=0.8/6-8-45/06599.txt,35,0.208953
0.8,6,8,45,benchmark/dup_dataset/alpha=0.8/6-8-45/06600.txt,41,0.257833
0.8,6,8,46,benchmark/dup_dataset/alpha=0.8/6-8-46/06601.txt,53,0.295576
0.8,6,8,46,benchmark/dup_dataset/alpha=0.8/6-8-46/06602.txt,56,0.314422
0.8,6,8,46,benchmark/dup_dataset/alpha=0.8/6-8-46/06603.txt,59,0.34127
0.8,6,8,46,benchmark/dup_dataset/alpha=0.8/6-8-46/06604.txt,47,0.271701
0.8,6,8,46,benchmark/dup_dataset/alpha=0.8/6-8-46/06605.txt,53,0.307714
0.8,6,8,46,benchmark/dup_dataset/alpha=0.8/6-8-46/06606.txt,39,0.232467
0.8,6,8,46,benchmark/dup_dataset/alpha=0.8/6-8-46/06607.txt,57,0.340592
0.8,6,8,46,benchmark/dup_dataset/alpha=0.8/6-8-46/06608.txt,45,0.273572
0.8,6,8,46,benchmark/dup_dataset/alpha=0.8/6-8-46/06609.txt,43,0.252425
0.8,6,8,46,benchmark/dup_dataset/alpha=0.8/6-8-46/06610.txt,54,0.311229
0.8,6,8,46,benchmark/dup_dataset/alpha=0.8/6-8-46/06611.txt,62,0.349122
0.8,6,8,46,benchmark/dup_dataset/alpha=0.8/6-8-46/06612.txt,45,0.272568
0.8,6,8,46,benchmark/dup_dataset/alpha=0.8/6-8-46/06613.txt,36,0.216874
0.8,6,8,46,benchmark/dup_dataset/alpha=0.8/6-8-46/06614.txt,43,0.256526
0.8,6,8,46,benchmark/dup_dataset/alpha=0.8/6-8-46/06615.txt,46,0.276527
0.8,6,8,46,benchmark/dup_dataset/alpha=0.8/6-8-46/06616.txt,49,0.278527
0.8,6,8,46,benchmark/dup_dataset/alpha=0.8/6-8-46/06617.txt,3,0.01703
0.8,6,8,46,benchmark/dup_dataset/alpha=0.8/6-8-46/06618.txt,53,0.302192
0.8,6,8,46,benchmark/dup_dataset/alpha=0.8/6-8-46/06619.txt,51,0.300872
0.8,6,8,46,benchmark/dup_dataset/alpha=0.8/6-8-46/06620.txt,49,0.292861
0.8,6,8,46,benchmark/dup_dataset/alpha=0.8/6-8-46/06621.txt,58,0.358926
0.8,6,8,46,benchmark/dup_dataset/alpha=0.8/6-8-46/06622.txt,56,0.323463
0.8,6,8,46,benchmark/dup_dataset/alpha=0.8/6-8-46/06623.txt,61,0.362145
0.8,6,8,46,benchmark/dup_dataset/alpha=0.8/6-8-46/06624.txt,46,0.286934
0.8,6,8,46,benchmark/dup_dataset/alpha=0.8/6-8-46/06625.txt,48,0.292073
0.8,6,8,46,benchmark/dup_dataset/alpha=0.8/6-8-46/06626.txt,47,0.278393
0.8,6,8,46,benchmark/dup_dataset/alpha=0.8/6-8-46/06627.txt,37,0.228791
0.8,6,8,46,benchmark/dup_dataset/alpha=0.8/6-8-46/06628.txt,65,0.361668
0.8,6,8,46,benchmark/dup_dataset/alpha=0.8/6-8-46/06629.txt,9,0.048502
0.8,6,8,46,benchmark/dup_dataset/alpha=0.8/6-8-46/06630.txt,54,0.334427
0.8,6,8,46,benchmark/dup_dataset/alpha=0.8/6-8-46/06631.txt,54,0.307302
0.8,6,8,46,benchmark/dup_dataset/alpha=0.8/6-8-46/06632.txt,55,0.315717
0.8,6,8,46,benchmark/dup_dataset/alpha=0.8/6-8-46/06633.txt,47,0.288563
0.8,6,8,46,benchmark/dup_dataset/alpha=0.8/6-8-46/06634.txt,38,0.238424
0.8,6,8,46,benchmark/dup_dataset/alpha=0.8/6-8-46/06635.txt,36,0.22994
0.8,6,8,46,benchmark/dup_dataset/alpha=0.8/6-8-46/06636.txt,55,0.337615
0.8,6,8,46,benchmark/dup_dataset/alpha=0.8/6-8-46/06637.txt,48,0.281799
0.8,6,8,46,benchmark/dup_dataset/alpha=0.8/6-8-46/06638.txt,2,0.012681
0.8,6,8,46,benchmark/dup_dataset/alpha=0.8/6-8-46/06639.txt,34,0.212197
0.8,6,8,46,benchmark/dup_dataset/alpha=0.8/6-8-46/06640.txt,2,0.012735
0.8,6,8,46,benchmark/dup_dataset/alpha=0.8/6-8-46/06641.txt,47,0.276745
0.8,6,8,46,benchmark/dup_dataset/alpha=0.8/6-8-46/06642.txt,31,0.197669
0.8,6,8,46,benchmark/dup_dataset/alpha=0.8/6-8-46/06643.txt,51,0.291421
0.8,6,8,46,benchmark/dup_dataset/alpha=0.8/6-8-46/06644.txt,45,0.28145
0.8,6,8,46,benchmark/dup_dataset/alpha=0.8/6-8-46/06645.txt,41,0.260383
0.8,6,8,46,benchmark/dup_dataset/alpha=0.8/6-8-46/06646.txt,43,0.261039
0.8,6,8,46,benchmark/dup_dataset/alpha=0.8/6-8-46/06647.txt,42,0.261036
0.8,6,8,46,benchmark/dup_dataset/alpha=0.8/6-8-46/06648.txt,5,0.028391
0.8,6,8,46,benchmark/dup_dataset/alpha=0.8/6-8-46/06649.txt,48,0.300206
0.8,6,8,46,benchmark/dup_dataset/alpha=0.8/6-8-46/06650.txt,53,0.315169
0.8,6,8,46,benchmark/dup_dataset/alpha=0.8/6-8-46/06651.txt,51,0.29959
0.8,6,8,46,benchmark/dup_dataset/alpha=0.8/6-8-46/06652.txt,44,0.268057
0.8,6,8,46,benchmark/dup_dataset/alpha=0.8/6-8-46/06653.txt,50,0.295646
0.8,6,8,46,benchmark/dup_dataset/alpha=0.8/6-8-46/06654.txt,46,0.294797
0.8,6,8,46,benchmark/dup_dataset/alpha=0.8/6-8-46/06655.txt,60,0.387141
0.8,6,8,46,benchmark/dup_dataset/alpha=0.8/6-8-46/06656.txt,54,0.353104
0.8,6,8,46,benchmark/dup_dataset/alpha=0.8/6-8-46/06657.txt,52,0.336625
0.8,6,8,46,benchmark/dup_dataset/alpha=0.8/6-8-46/06658.txt,51,0.327836
0.8,6,8,46,benchmark/dup_dataset/alpha=0.8/6-8-46/06659.txt,54,0.365701
0.8,6,8,46,benchmark/dup_dataset/alpha=0.8/6-8-46/06660.txt,49,0.328425
0.8,6,8,46,benchmark/dup_dataset/alpha=0.8/6-8-46/06661.txt,47,0.309104
0.8,6,8,46,benchmark/dup_dataset/alpha=0.8/6-8-46/06662.txt,62,0.406046
0.8,6,8,46,benchmark/dup_dataset/alpha=0.8/6-8-46/06663.txt,38,0.258578
0.8,6,8,46,benchmark/dup_dataset/alpha=0.8/6-8-46/06664.txt,50,0.295681
0.8,6,8,46,benchmark/dup_dataset/alpha=0.8/6-8-46/06665.txt,46,0.296139
0.8,6,8,46,benchmark/dup_dataset/alpha=0.8/6-8-46/06666.txt,52,0.332403
0.8,6,8,46,benchmark/dup_dataset/alpha=0.8/6-8-46/06667.txt,70,0.434018
0.8,6,8,46,benchmark/dup_dataset/alpha=0.8/6-8-46/06668.txt,56,0.363071
0.8,6,8,46,benchmark/dup_dataset/alpha=0.8/6-8-46/06669.txt,60,0.344597
0.8,6,8,46,benchmark/dup_dataset/alpha=0.8/6-8-46/06670.txt,49,0.289802
0.8,6,8,46,benchmark/dup_dataset/alpha=0.8/6-8-46/06671.txt,43,0.263528
0.8,6,8,46,benchmark/dup_dataset/alpha=0.8/6-8-46/06672.txt,40,0.247307
0.8,6,8,46,benchmark/dup_dataset/alpha=0.8/6-8-46/06673.txt,50,0.295529
0.8,6,8,46,benchmark/dup_dataset/alpha=0.8/6-8-46/06674.txt,54,0.324092
0.8,6,8,46,benchmark/dup_dataset/alpha=0.8/6-8-46/06675.txt,57,0.342576
0.8,6,8,46,benchmark/dup_dataset/alpha=0.8/6-8-46/06676.txt,47,0.274603
0.8,6,8,46,benchmark/dup_dataset/alpha=0.8/6-8-46/06677.txt,56,0.325104
0.8,6,8,46,benchmark/dup_dataset/alpha=0.8/6-8-46/06678.txt,45,0.267971
0.8,6,8,46,benchmark/dup_dataset/alpha=0.8/6-8-46/06679.txt,58,0.345565
0.8,6,8,46,benchmark/dup_dataset/alpha=0.8/6-8-46/06680.txt,40,0.247497
0.8,6,8,46,benchmark/dup_dataset/alpha=0.8/6-8-46/06681.txt,51,0.296636
0.8,6,8,46,benchmark/dup_dataset/alpha=0.8/6-8-46/06682.txt,51,0.304837
0.8,6,8,46,benchmark/dup_dataset/alpha=0.8/6-8-46/06683.txt,48,0.286537
0.8,6,8,46,benchmark/dup_dataset/alpha=0.8/6-8-46/06684.txt,40,0.243043
0.8,6,8,46,benchmark/dup_dataset/alpha=0.8/6-8-46/06685.txt,45,0.259488
0.8,6,8,46,benchmark/dup_dataset/alpha=0.8/6-8-46/06686.txt,57,0.325275
0.8,6,8,46,benchmark/dup_dataset/alpha=0.8/6-8-46/06687.txt,50,0.295932
0.8,6,8,46,benchmark/dup_dataset/alpha=0.8/6-8-46/06688.txt,65,0.375995
0.8,6,8,46,benchmark/dup_dataset/alpha=0.8/6-8-46/06689.txt,49,0.292576
0.8,6,8,46,benchmark/dup_dataset/alpha=0.8/6-8-46/06690.txt,50,0.292104
0.8,6,8,46,benchmark/dup_dataset/alpha=0.8/6-8-46/06691.txt,62,0.364902
0.8,6,8,46,benchmark/dup_dataset/alpha=0.8/6-8-46/06692.txt,55,0.315379
0.8,6,8,46,benchmark/dup_dataset/alpha=0.8/6-8-46/06693.txt,41,0.246195
0.8,6,8,46,benchmark/dup_dataset/alpha=0.8/6-8-46/06694.txt,53,0.298393
0.8,6,8,46,benchmark/dup_dataset/alpha=0.8/6-8-46/06695.txt,55,0.31249
0.8,6,8,46,benchmark/dup_dataset/alpha=0.8/6-8-46/06696.txt,34,0.212511
0.8,6,8,46,benchmark/dup_dataset/alpha=0.8/6-8-46/06697.txt,54,0.310954
0.8,6,8,46,benchmark/dup_dataset/alpha=0.8/6-8-46/06698.txt,46,0.271903
0.8,6,8,46,benchmark/dup_dataset/alpha=0.8/6-8-46/06699.txt,58,0.336877
0.8,6,8,46,benchmark/dup_dataset/alpha=0.8/6-8-46/06700.txt,49,0.298207
0.8,6,8,47,benchmark/dup_dataset/alpha=0.8/6-8-47/06701.txt,52,0.302681
0.8,6,8,47,benchmark/dup_dataset/alpha=0.8/6-8-47/06702.txt,60,0.340338
0.8,6,8,47,benchmark/dup_dataset/alpha=0.8/6-8-47/06703.txt,47,0.276581
0.8,6,8,47,benchmark/dup_dataset/alpha=0.8/6-8-47/06704.txt,55,0.324242
0.8,6,8,47,benchmark/dup_dataset/alpha=0.8/6-8-47/06705.txt,7,0.040724
0.8,6,8,47,benchmark/dup_dataset/alpha=0.8/6-8-47/06706.txt,63,0.36841
0.8,6,8,47,benchmark/dup_dataset/alpha=0.8/6-8-47/06707.txt,50,0.295974
0.8,6,8,47,benchmark/dup_dataset/alpha=0.8/6-8-47/06708.txt,37,0.235545
0.8,6,8,47,benchmark/dup_dataset/alpha=0.8/6-8-47/06709.txt,50,0.291719
0.8,6,8,47,benchmark/dup_dataset/alpha=0.8/6-8-47/06710.txt,58,0.340456
0.8,6,8,47,benchmark/dup_dataset/alpha=0.8/6-8-47/06711.txt,50,0.296113
0.8,6,8,47,benchmark/dup_dataset/alpha=0.8/6-8-47/06712.txt,54,0.319099
0.8,6,8,47,benchmark/dup_dataset/alpha=0.8/6-8-47/06713.txt,36,0.229984
0.8,6,8,47,benchmark/dup_dataset/alpha=0.8/6-8-47/06714.txt,49,0.29497
0.8,6,8,47,benchmark/dup_dataset/alpha=0.8/6-8-47/06715.txt,50,0.291999
0.8,6,8,47,benchmark/dup_dataset/alpha=0.8/6-8-47/06716.txt,1,0.008635
0.8,6,8,47,benchmark/dup_dataset/alpha=0.8/6-8-47/06717.txt,46,0.272333
0.8,6,8,47,benchmark/dup_dataset/alpha=0.8/6-8-47/06718.txt,37,0.228708
0.8,6,8,47,benchmark/dup_dataset/alpha=0.8/6-8-47/06719.txt,64,0.373144
0.8,6,8,47,benchmark/dup_dataset/alpha=0.8/6-8-47/06720.txt,50,0.294299
0.8,6,8,47,benchmark/dup_dataset/alpha=0.8/6-8-47/06721.txt,64,0.380059
0.8,6,8,47,benchmark/dup_dataset/alpha=0.8/6-8-47/06722.txt,32,0.216504
0.8,6,8,47,benchmark/dup_dataset/alpha=0.8/6-8-47/06723.txt,55,0.323544
0.8,6,8,47,benchmark/dup_dataset/alpha=0.8/6-8-47/06724.txt,60,0.382363
0.8,6,8,47,benchmark/dup_dataset/alpha=0.8/6-8-47/06725.txt,47,0.330947
0.8,6,8,47,benchmark/dup_dataset/alpha=0.8/6-8-47/06726.txt,52,0.346321
0.8,6,8,47,benchmark/dup_dataset/alpha=0.8/6-8-47/06727.txt,56,0.373179
0.8,6,8,47,benchmark/dup_dataset/alpha=0.8/6-8-47/06728.txt,43,0.294917
0.8,6,8,47,benchmark/dup_dataset/alpha=0.8/6-8-47/06729.txt,66,0.433277
0.8,6,8,47,benchmark/dup_dataset/alpha=0.8/6-8-47/06730.txt,40,0.273625
0.8,6,8,47,benchmark/dup_dataset/alpha=0.8/6-8-47/06731.txt,56,0.372908
0.8,6,8,47,benchmark/dup_dataset/alpha=0.8/6-8-47/06732.txt,41,0.285414
0.8,6,8,47,benchmark/dup_dataset/alpha=0.8/6-8-47/06733.txt,58,0.39076
0.8,6,8,47,benchmark/dup_dataset/alpha=0.8/6-8-47/06734.txt,56,0.355297
0.8,6,8,47,benchmark/dup_dataset/alpha=0.8/6-8-47/06735.txt,51,0.317051
0.8,6,8,47,benchmark/dup_dataset/alpha=0.8/6-8-47/06736.txt,57,0.356885
0.8,6,8,47,benchmark/dup_dataset/alpha=0.8/6-8-47/06737.txt,45,0.302178
0.8,6,8,47,benchmark/dup_dataset/alpha=0.8/6-8-47/06738.txt,1,0.013888
0.8,6,8,47,benchmark/dup_dataset/alpha=0.8/6-8-47/06739.txt,55,0.369692
0.8,6,8,47,benchmark/dup_dataset/alpha=0.8/6-8-47/06740.txt,7,0.049759
0.8,6,8,47,benchmark/dup_dataset/alpha=0.8/6-8-47/06741.txt,46,0.343579
0.8,6,8,47,benchmark/dup_dataset/alpha=0.8/6-8-47/06742.txt,43,0.307687
0.8,6,8,47,benchmark/dup_dataset/alpha=0.8/6-8-47/06743.txt,58,0.38431
0.8,6,8,47,benchmark/dup_dataset/alpha=0.8/6-8-47/06744.txt,37,0.264457
0.8,6,8,47,benchmark/dup_dataset/alpha=0.8/6-8-47/06745.txt,69,0.443024
0.8,6,8,47,benchmark/dup_dataset/alpha=0.8/6-8-47/06746.txt,53,0.327845
0.8,6,8,47,benchmark/dup_dataset/alpha=0.8/6-8-47/06747.txt,67,0.4394
0.8,6,8,47,benchmark/dup_dataset/alpha=0.8/6-8-47/06748.txt,53,0.370466
0.8,6,8,47,benchmark/dup_dataset/alpha=0.8/6-8-47/06749.txt,54,0.366056
0.8,6,8,47,benchmark/dup_dataset/alpha=0.8/6-8-47/06750.txt,45,0.310523
0.8,6,8,47,benchmark/dup_dataset/alpha=0.8/6-8-47/06751.txt,48,0.320494
0.8,6,8,47,benchmark/dup_dataset/alpha=0.8/6-8-47/06752.txt,48,0.312562
0.8,6,8,47,benchmark/dup_dataset/alpha=0.8/6-8-47/06753.txt,53,0.340125
0.8,6,8,47,benchmark/dup_dataset/alpha=0.8/6-8-47/06754.txt,60,0.388365
0.8,6,8,47,benchmark/dup_dataset/alpha=0.8/6-8-47/06755.txt,48,0.327116
0.8,6,8,47,benchmark/dup_dataset/alpha=0.8/6-8-47/06756.txt,68,0.439877
0.8,6,8,47,benchmark/dup_dataset/alpha=0.8/6-8-47/06757.txt,43,0.298503
0.8,6,8,47,benchmark/dup_dataset/alpha=0.8/6-8-47/06758.txt,54,0.364281
0.8,6,8,47,benchmark/dup_dataset/alpha=0.8/6-8-47/06759.txt,64,0.423234
0.8,6,8,47,benchmark/dup_dataset/alpha=0.8/6-8-47/06760.txt,39,0.268692
0.8,6,8,47,benchmark/dup_dataset/alpha=0.8/6-8-47/06761.txt,67,0.404648
0.8,6,8,47,benchmark/dup_dataset/alpha=0.8/6-8-47/06762.txt,56,0.321737
0.8,6,8,47,benchmark/dup_dataset/alpha=0.8/6-8-47/06763.txt,50,0.310105
0.8,6,8,47,benchmark/dup_dataset/alpha=0.8/6-8-47/06764.txt,63,0.375866
0.8,6,8,47,benchmark/dup_dataset/alpha=0.8/6-8-47/06765.txt,54,0.309658
0.8,6,8,47,benchmark/dup_dataset/alpha=0.8/6-8-47/06766.txt,52,0.302552
0.8,6,8,47,benchmark/dup_dataset/alpha=0.8/6-8-47/06767.txt,41,0.250702
0.8,6,8,47,benchmark/dup_dataset/alpha=0.8/6-8-47/06768.txt,35,0.212061
0.8,6,8,47,benchmark/dup_dataset/alpha=0.8/6-8-47/06769.txt,32,0.216851
0.8,6,8,47,benchmark/dup_dataset/alpha=0.8/6-8-47/06770.txt,59,0.409948
0.8,6,8,47,benchmark/dup_dataset/alpha=0.8/6-8-47/06771.txt,52,0.340025
0.8,6,8,47,benchmark/dup_dataset/alpha=0.8/6-8-47/06772.txt,58,0.383773
0.8,6,8,47,benchmark/dup_dataset/alpha=0.8/6-8-47/06773.txt,48,0.295509
0.8,6,8,47,benchmark/dup_dataset/alpha=0.8/6-8-47/06774.txt,57,0.324876
0.8,6,8,47,benchmark/dup_dataset/alpha=0.8/6-8-47/06775.txt,36,0.230905
0.8,6,8,47,benchmark/dup_dataset/alpha=0.8/6-8-47/06776.txt,63,0.360668
0.8,6,8,47,benchmark/dup_dataset/alpha=0.8/6-8-47/06777.txt,52,0.303234
0.8,6,8,47,benchmark/dup_dataset/alpha=0.8/6-8-47/06778.txt,51,0.308252
0.8,6,8,47,benchmark/dup_dataset/alpha=0.8/6-8-47/06779.txt,56,0.34092
0.8,6,8,47,benchmark/dup_dataset/alpha=0.8/6-8-47/06780.txt,59,0.351169
0.8,6,8,47,benchmark/dup_dataset/alpha=0.8/6-8-47/06781.txt,52,0.305086
0.8,6,8,47,benchmark/dup_dataset/alpha=0.8/6-8-47/06782.txt,59,0.329323
0.8,6,8,47,benchmark/dup_dataset/alpha=0.8/6-8-47/06783.txt,60,0.359939
0.8,6,8,47,benchmark/dup_dataset/alpha=0.8/6-8-47/06784.txt,53,0.299573
0.8,6,8,47,benchmark/dup_dataset/alpha=0.8/6-8-47/06785.txt,75,0.42177
0.8,6,8,47,benchmark/dup_dataset/alpha=0.8/6-8-47/06786.txt,55,0.322559
0.8,6,8,47,benchmark/dup_dataset/alpha=0.8/6-8-47/06787.txt,56,0.334101
0.8,6,8,47,benchmark/dup_dataset/alpha=0.8/6-8-47/06788.txt,51,0.296626
0.8,6,8,47,benchmark/dup_dataset/alpha=0.8/6-8-47/06789.txt,50,0.299452
0.8,6,8,47,benchmark/dup_dataset/alpha=0.8/6-8-47/06790.txt,63,0.365885
0.8,6,8,47,benchmark/dup_dataset/alpha=0.8/6-8-47/06791.txt,50,0.312434
0.8,6,8,47,benchmark/dup_dataset/alpha=0.8/6-8-47/06792.txt,5,0.032399
0.8,6,8,47,benchmark/dup_dataset/alpha=0.8/6-8-47/06793.txt,57,0.346965
0.8,6,8,47,benchmark/dup_dataset/alpha=0.8/6-8-47/06794.txt,6,0.036698
0.8,6,8,47,benchmark/dup_dataset/alpha=0.8/6-8-47/06795.txt,46,0.260338
0.8,6,8,47,benchmark/dup_dataset/alpha=0.8/6-8-47/06796.txt,57,0.341453
0.8,6,8,47,benchmark/dup_dataset/alpha=0.8/6-8-47/06797.txt,1,0.00868
0.8,6,8,47,benchmark/dup_dataset/alpha=0.8/6-8-47/06798.txt,45,0.282348
0.8,6,8,47,benchmark/dup_dataset/alpha=0.8/6-8-47/06799.txt,53,0.303461
0.8,6,8,47,benchmark/dup_dataset/alpha=0.8/6-8-47/06800.txt,44,0.269332
0.8,6,9,48,benchmark/dup_dataset/alpha=0.8/6-9-48/08701.txt,60,0.344201
0.8,6,9,48,benchmark/dup_dataset/alpha=0.8/6-9-48/08702.txt,47,0.272929
0.8,6,9,48,benchmark/dup_dataset/alpha=0.8/6-9-48/08703.txt,52,0.312572
0.8,6,9,48,benchmark/dup_dataset/alpha=0.8/6-9-48/08704.txt,43,0.260199
0.8,6,9,48,benchmark/dup_dataset/alpha=0.8/6-9-48/08705.txt,47,0.284045
0.8,6,9,48,benchmark/dup_dataset/alpha=0.8/6-9-48/08706.txt,47,0.277437
0.8,6,9,48,benchmark/dup_dataset/alpha=0.8/6-9-48/08707.txt,51,0.305369
0.8,6,9,48,benchmark/dup_dataset/alpha=0.8/6-9-48/08708.txt,44,0.254629
0.8,6,9,48,benchmark/dup_dataset/alpha=0.8/6-9-48/08709.txt,57,0.326683
0.8,6,9,48,benchmark/dup_dataset/alpha=0.8/6-9-48/08710.txt,47,0.28246
0.8,6,9,48,benchmark/dup_dataset/alpha=0.8/6-9-48/08711.txt,59,0.348976
0.8,6,9,48,benchmark/dup_dataset/alpha=0.8/6-9-48/08712.txt,44,0.254795
0.8,6,9,48,benchmark/dup_dataset/alpha=0.8/6-9-48/08713.txt,50,0.292603
0.8,6,9,48,benchmark/dup_dataset/alpha=0.8/6-9-48/08714.txt,52,0.330915
0.8,6,9,48,benchmark/dup_dataset/alpha=0.8/6-9-48/08715.txt,46,0.3153
0.8,6,9,48,benchmark/dup_dataset/alpha=0.8/6-9-48/08716.txt,67,0.430729
0.8,6,9,48,benchmark/dup_dataset/alpha=0.8/6-9-48/08717.txt,48,0.334894
0.8,6,9,48,benchmark/dup_dataset/alpha=0.8/6-9-48/08718.txt,40,0.258728
0.8,6,9,48,benchmark/dup_dataset/alpha=0.8/6-9-48/08719.txt,46,0.297692
0.8,6,9,48,benchmark/dup_dataset/alpha=0.8/6-9-48/08720.txt,56,0.362905
0.8,6,9,48,benchmark/dup_dataset/alpha=0.8/6-9-48/08721.txt,47,0.326325
0.8,6,9,48,benchmark/dup_dataset/alpha=0.8/6-9-48/08722.txt,59,0.370449
0.8,6,9,48,benchmark/dup_dataset/alpha=0.8/6-9-48/08723.txt,65,0.420549
0.8,6,9,48,benchmark/dup_dataset/alpha=0.8/6-9-48/08724.txt,57,0.374892
0.8,6,9,48,benchmark/dup_dataset/alpha=0.8/6-9-48/08725.txt,36,0.258371
0.8,6,9,48,benchmark/dup_dataset/alpha=0.8/6-9-48/08726.txt,52,0.355524
0.8,6,9,48,benchmark/dup_dataset/alpha=0.8/6-9-48/08727.txt,47,0.316481
0.8,6,9,48,benchmark/dup_dataset/alpha=0.8/6-9-48/08728.txt,46,0.308053
0.8,6,9,48,benchmark/dup_dataset/alpha=0.8/6-9-48/08729.txt,55,0.360233
0.8,6,9,48,benchmark/dup_dataset/alpha=0.8/6-9-48/08730.txt,55,0.366997
0.8,6,9,48,benchmark/dup_dataset/alpha=0.8/6-9-48/08731.txt,46,0.317032
0.8,6,9,48,benchmark/dup_dataset/alpha=0.8/6-9-48/08732.txt,44,0.293872
0.8,6,9,48,benchmark/dup_dataset/alpha=0.8/6-9-48/08733.txt,41,0.281897
0.8,6,9,48,benchmark/dup_dataset/alpha=0.8/6-9-48/08734.txt,43,0.307013
0.8,6,9,48,benchmark/dup_dataset/alpha=0.8/6-9-48/08735.txt,53,0.353579
0.8,6,9,48,benchmark/dup_dataset/alpha=0.8/6-9-48/08736.txt,52,0.360946
0.8,6,9,48,benchmark/dup_dataset/alpha=0.8/6-9-48/08737.txt,59,0.386388
0.8,6,9,48,benchmark/dup_dataset/alpha=0.8/6-9-48/08738.txt,64,0.428766
0.8,6,9,48,benchmark/dup_dataset/alpha=0.8/6-9-48/08739.txt,48,0.330582
0.8,6,9,48,benchmark/dup_dataset/alpha=0.8/6-9-48/08740.txt,43,0.312813
0.8,6,9,48,benchmark/dup_dataset/alpha=0.8/6-9-48/08741.txt,45,0.303766
0.8,6,9,48,benchmark/dup_dataset/alpha=0.8/6-9-48/08742.txt,49,0.350177
0.8,6,9,48,benchmark/dup_dataset/alpha=0.8/6-9-48/08743.txt,47,0.319335
0.8,6,9,48,benchmark/dup_dataset/alpha=0.8/6-9-48/08744.txt,44,0.275642
0.8,6,9,48,benchmark/dup_dataset/alpha=0.8/6-9-48/08745.txt,52,0.293127
0.8,6,9,48,benchmark/dup_dataset/alpha=0.8/6-9-48/08746.txt,45,0.269576
0.8,6,9,48,benchmark/dup_dataset/alpha=0.8/6-9-48/08747.txt,45,0.275459
0.8,6,9,48,benchmark/dup_dataset/alpha=0.8/6-9-48/08748.txt,54,0.328464
0.8,6,9,48,benchmark/dup_dataset/alpha=0.8/6-9-48/08749.txt,56,0.330641
0.8,6,9,48,benchmark/dup_dataset/alpha=0.8/6-9-48/08750.txt,40,0.268274
0.8,6,9,48,benchmark/dup_dataset/alpha=0.8/6-9-48/08751.txt,40,0.266783
0.8,6,9,48,benchmark/dup_dataset/alpha=0.8/6-9-48/08752.txt,42,0.249269
0.8,6,9,48,benchmark/dup_dataset/alpha=0.8/6-9-48/08753.txt,56,0.325294
0.8,6,9,48,benchmark/dup_dataset/alpha=0.8/6-9-48/08754.txt,49,0.290979
0.8,6,9,48,benchmark/dup_dataset/alpha=0.8/6-9-48/08755.txt,56,0.33598
0.8,6,9,48,benchmark/dup_dataset/alpha=0.8/6-9-48/08756.txt,38,0.246056
0.8,6,9,48,benchmark/dup_dataset/alpha=0.8/6-9-48/08757.txt,55,0.335646
0.8,6,9,48,benchmark/dup_dataset/alpha=0.8/6-9-48/08758.txt,51,0.306231
0.8,6,9,48,benchmark/dup_dataset/alpha=0.8/6-9-48/08759.txt,36,0.235296
0.8,6,9,48,benchmark/dup_dataset/alpha=0.8/6-9-48/08760.txt,40,0.246573
0.8,6,9,48,benchmark/dup_dataset/alpha=0.8/6-9-48/08761.txt,50,0.291594
0.8,6,9,48,benchmark/dup_dataset/alpha=0.8/6-9-48/08762.txt,55,0.32283
0.8,6,9,48,benchmark/dup_dataset/alpha=0.8/6-9-48/08763.txt,49,0.295341
0.8,6,9,48,benchmark/dup_dataset/alpha=0.8/6-9-48/08764.txt,51,0.307183
0.8,6,9,48,benchmark/dup_dataset/alpha=0.8/6-9-48/08765.txt,62,0.37721
0.8,6,9,48,benchmark/dup_dataset/alpha=0.8/6-9-48/08766.txt,47,0.288854
0.8,6,9,48,benchmark/dup_dataset/alpha=0.8/6-9-48/08767.txt,39,0.248984
0.8,6,9,48,benchmark/dup_dataset/alpha=0.8/6-9-48/08768.txt,49,0.291687
0.8,6,9,48,benchmark/dup_dataset/alpha=0.8/6-9-48/08769.txt,52,0.328252
0.8,6,9,48,benchmark/dup_dataset/alpha=0.8/6-9-48/08770.txt,45,0.276327
0.8,6,9,48,benchmark/dup_dataset/alpha=0.8/6-9-48/08771.txt,52,0.307474
0.8,6,9,48,benchmark/dup_dataset/alpha=0.8/6-9-48/08772.txt,44,0.263027
0.8,6,9,48,benchmark/dup_dataset/alpha=0.8/6-9-48/08773.txt,36,0.235065
0.8,6,9,48,benchmark/dup_dataset/alpha=0.8/6-9-48/08774.txt,54,0.318153
0.8,6,9,48,benchmark/dup_dataset/alpha=0.8/6-9-48/08775.txt,55,0.356246
0.8,6,9,48,benchmark/dup_dataset/alpha=0.8/6-9-48/08776.txt,42,0.27432
0.8,6,9,48,benchmark/dup_dataset/alpha=0.8/6-9-48/08777.txt,50,0.302679
0.8,6,9,48,benchmark/dup_dataset/alpha=0.8/6-9-48/08778.txt,46,0.278363
0.8,6,9,48,benchmark/dup_dataset/alpha=0.8/6-9-48/08779.txt,46,0.281055
0.8,6,9,48,benchmark/dup_dataset/alpha=0.8/6-9-48/08780.txt,52,0.300956
0.8,6,9,48,benchmark/dup_dataset/alpha=0.8/6-9-48/08781.txt,53,0.308831
0.8,6,9,48,benchmark/dup_dataset/alpha=0.8/6-9-48/08782.txt,43,0.280289
0.8,6,9,48,benchmark/dup_dataset/alpha=0.8/6-9-48/08783.txt,49,0.288217
0.8,6,9,48,benchmark/dup_dataset/alpha=0.8/6-9-48/08784.txt,52,0.305637
0.8,6,9,48,benchmark/dup_dataset/alpha=0.8/6-9-48/08785.txt,56,0.320571
0.8,6,9,48,benchmark/dup_dataset/alpha=0.8/6-9-48/08786.txt,52,0.304831
0.8,6,9,48,benchmark/dup_dataset/alpha=0.8/6-9-48/08787.txt,36,0.232726
0.8,6,9,48,benchmark/dup_dataset/alpha=0.8/6-9-48/08788.txt,41,0.246369
0.8,6,9,48,benchmark/dup_dataset/alpha=0.8/6-9-48/08789.txt,61,0.348238
0.8,6,9,48,benchmark/dup_dataset/alpha=0.8/6-9-48/08790.txt,50,0.283716
0.8,6,9,48,benchmark/dup_dataset/alpha=0.8/6-9-48/08791.txt,41,0.25354
0.8,6,9,48,benchmark/dup_dataset/alpha=0.8/6-9-48/08792.txt,63,0.378819
0.8,6,9,48,benchmark/dup_dataset/alpha=0.8/6-9-48/08793.txt,48,0.294842
0.8,6,9,48,benchmark/dup_dataset/alpha=0.8/6-9-48/08794.txt,47,0.282354
0.8,6,9,48,benchmark/dup_dataset/alpha=0.8/6-9-48/08795.txt,54,0.331641
0.8,6,9,48,benchmark/dup_dataset/alpha=0.8/6-9-48/08796.txt,61,0.344638
0.8,6,9,48,benchmark/dup_dataset/alpha=0.8/6-9-48/08797.txt,62,0.360858
0.8,6,9,48,benchmark/dup_dataset/alpha=0.8/6-9-48/08798.txt,51,0.306543
0.8,6,9,48,benchmark/dup_dataset/alpha=0.8/6-9-48/08799.txt,48,0.291142
0.8,6,9,48,benchmark/dup_dataset/alpha=0.8/6-9-48/08800.txt,51,0.299922
0.8,6,9,49,benchmark/dup_dataset/alpha=0.8/6-9-49/08801.txt,58,0.345301
0.8,6,9,49,benchmark/dup_dataset/alpha=0.8/6-9-49/08802.txt,57,0.353123
0.8,6,9,49,benchmark/dup_dataset/alpha=0.8/6-9-49/08803.txt,65,0.368701
0.8,6,9,49,benchmark/dup_dataset/alpha=0.8/6-9-49/08804.txt,53,0.313637
0.8,6,9,49,benchmark/dup_dataset/alpha=0.8/6-9-49/08805.txt,59,0.334902
0.8,6,9,49,benchmark/dup_dataset/alpha=0.8/6-9-49/08806.txt,44,0.270751
0.8,6,9,49,benchmark/dup_dataset/alpha=0.8/6-9-49/08807.txt,62,0.35836
0.8,6,9,49,benchmark/dup_dataset/alpha=0.8/6-9-49/08808.txt,47,0.282121
0.8,6,9,49,benchmark/dup_dataset/alpha=0.8/6-9-49/08809.txt,50,0.304458
0.8,6,9,49,benchmark/dup_dataset/alpha=0.8/6-9-49/08810.txt,44,0.276433
0.8,6,9,49,benchmark/dup_dataset/alpha=0.8/6-9-49/08811.txt,46,0.276864
0.8,6,9,49,benchmark/dup_dataset/alpha=0.8/6-9-49/08812.txt,52,0.314344
0.8,6,9,49,benchmark/dup_dataset/alpha=0.8/6-9-49/08813.txt,60,0.358
0.8,6,9,49,benchmark/dup_dataset/alpha=0.8/6-9-49/08814.txt,67,0.392511
0.8,6,9,49,benchmark/dup_dataset/alpha=0.8/6-9-49/08815.txt,51,0.297631
0.8,6,9,49,benchmark/dup_dataset/alpha=0.8/6-9-49/08816.txt,58,0.335817
0.8,6,9,49,benchmark/dup_dataset/alpha=0.8/6-9-49/08817.txt,43,0.264432
0.8,6,9,49,benchmark/dup_dataset/alpha=0.8/6-9-49/08818.txt,48,0.28421
0.8,6,9,49,benchmark/dup_dataset/alpha=0.8/6-9-49/08819.txt,51,0.304638
0.8,6,9,49,benchmark/dup_dataset/alpha=0.8/6-9-49/08820.txt,56,0.328268
0.8,6,9,49,benchmark/dup_dataset/alpha=0.8/6-9-49/08821.txt,56,0.331187
0.8,6,9,49,benchmark/dup_dataset/alpha=0.8/6-9-49/08822.txt,51,0.309112
0.8,6,9,49,benchmark/dup_dataset/alpha=0.8/6-9-49/08823.txt,48,0.296992
0.8,6,9,49,benchmark/dup_dataset/alpha=0.8/6-9-49/08824.txt,60,0.354858
0.8,6,9,49,benchmark/dup_dataset/alpha=0.8/6-9-49/08825.txt,41,0.247348
0.8,6,9,49,benchmark/dup_dataset/alpha=0.8/6-9-49/08826.txt,49,0.286018
0.8,6,9,49,benchmark/dup_dataset/alpha=0.8/6-9-49/08827.txt,64,0.36586
0.8,6,9,49,benchmark/dup_dataset/alpha=0.8/6-9-49/08828.txt,57,0.329007
0.8,6,9,49,benchmark/dup_dataset/alpha=0.8/6-9-49/08829.txt,52,0.323737
0.8,6,9,49,benchmark/dup_dataset/alpha=0.8/6-9-49/08830.txt,67,0.374742
0.8,6,9,49,benchmark/dup_dataset/alpha=0.8/6-9-49/08831.txt,41,0.249833
0.8,6,9,49,benchmark/dup_dataset/alpha=0.8/6-9-49/08832.txt,51,0.313006
0.8,6,9,49,benchmark/dup_dataset/alpha=0.8/6-9-49/08833.txt,53,0.303398
0.8,6,9,49,benchmark/dup_dataset/alpha=0.8/6-9-49/08834.txt,57,0.335359
0.8,6,9,49,benchmark/dup_dataset/alpha=0.8/6-9-49/08835.txt,40,0.246122
0.8,6,9,49,benchmark/dup_dataset/alpha=0.8/6-9-49/08836.txt,63,0.348108
0.8,6,9,49,benchmark/dup_dataset/alpha=0.8/6-9-49/08837.txt,50,0.293024
0.8,6,9,49,benchmark/dup_dataset/alpha=0.8/6-9-49/08838.txt,38,0.235681
0.8,6,9,49,benchmark/dup_dataset/alpha=0.8/6-9-49/08839.txt,50,0.318244
0.8,6,9,49,benchmark/dup_dataset/alpha=0.8/6-9-49/08840.txt,59,0.344424
0.8,6,9,49,benchmark/dup_dataset/alpha=0.8/6-9-49/08841.txt,51,0.287643
0.8,6,9,49,benchmark/dup_dataset/alpha=0.8/6-9-49/08842.txt,52,0.324739
0.8,6,9,49,benchmark/dup_dataset/alpha=0.8/6-9-49/08843.txt,61,0.366383
0.8,6,9,49,benchmark/dup_dataset/alpha=0.8/6-9-49/08844.txt,63,0.406191
0.8,6,9,49,benchmark/dup_dataset/alpha=0.8/6-9-49/08845.txt,56,0.376158
0.8,6,9,49,benchmark/dup_dataset/alpha=0.8/6-9-49/08846.txt,66,0.429893
0.8,6,9,49,benchmark/dup_dataset/alpha=0.8/6-9-49/08847.txt,53,0.371092
0.8,6,9,49,benchmark/dup_dataset/alpha=0.8/6-9-49/08848.txt,51,0.350972
0.8,6,9,49,benchmark/dup_dataset/alpha=0.8/6-9-49/08849.txt,58,0.391814
0.8,6,9,49,benchmark/dup_dataset/alpha=0.8/6-9-49/08850.txt,43,0.316437
0.8,6,9,49,benchmark/dup_dataset/alpha=0.8/6-9-49/08851.txt,62,0.422055
0.8,6,9,49,benchmark/dup_dataset/alpha=0.8/6-9-49/08852.txt,62,0.408285
0.8,6,9,49,benchmark/dup_dataset/alpha=0.8/6-9-49/08853.txt,61,0.404253
0.8,6,9,49,benchmark/dup_dataset/alpha=0.8/6-9-49/08854.txt,34,0.23144
0.8,6,9,49,benchmark/dup_dataset/alpha=0.8/6-9-49/08855.txt,53,0.325995
0.8,6,9,49,benchmark/dup_dataset/alpha=0.8/6-9-49/08856.txt,55,0.328506
0.8,6,9,49,benchmark/dup_dataset/alpha=0.8/6-9-49/08857.txt,41,0.241727
0.8,6,9,49,benchmark/dup_dataset/alpha=0.8/6-9-49/08858.txt,53,0.328878
0.8,6,9,49,benchmark/dup_dataset/alpha=0.8/6-9-49/08859.txt,53,0.363201
0.8,6,9,49,benchmark/dup_dataset/alpha=0.8/6-9-49/08860.txt,45,0.317094
0.8,6,9,49,benchmark/dup_dataset/alpha=0.8/6-9-49/08861.txt,58,0.385476
0.8,6,9,49,benchmark/dup_dataset/alpha=0.8/6-9-49/08862.txt,42,0.296558
0.8,6,9,49,benchmark/dup_dataset/alpha=0.8/6-9-49/08863.txt,63,0.400031
0.8,6,9,49,benchmark/dup_dataset/alpha=0.8/6-9-49/08864.txt,53,0.338975
0.8,6,9,49,benchmark/dup_dataset/alpha=0.8/6-9-49/08865.txt,48,0.295081
0.8,6,9,49,benchmark/dup_dataset/alpha=0.8/6-9-49/08866.txt,53,0.304495
0.8,6,9,49,benchmark/dup_dataset/alpha=0.8/6-9-49/08867.txt,34,0.213408
0.8,6,9,49,benchmark/dup_dataset/alpha=0.8/6-9-49/08868.txt,53,0.308801
0.8,6,9,49,benchmark/dup_dataset/alpha=0.8/6-9-49/08869.txt,65,0.382568
0.8,6,9,49,benchmark/dup_dataset/alpha=0.8/6-9-49/08870.txt,64,0.368042
0.8,6,9,49,benchmark/dup_dataset/alpha=0.8/6-9-49/08871.txt,46,0.261771
0.8,6,9,49,benchmark/dup_dataset/alpha=0.8/6-9-49/08872.txt,48,0.286174
0.8,6,9,49,benchmark/dup_dataset/alpha=0.8/6-9-49/08873.txt,61,0.348737
0.8,6,9,49,benchmark/dup_dataset/alpha=0.8/6-9-49/08874.txt,52,0.304701
0.8,6,9,49,benchmark/dup_dataset/alpha=0.8/6-9-49/08875.txt,56,0.316763
0.8,6,9,49,benchmark/dup_dataset/alpha=0.8/6-9-49/08876.txt,59,0.342323
0.8,6,9,49,benchmark/dup_dataset/alpha=0.8/6-9-49/08877.txt,53,0.327473
0.8,6,9,49,benchmark/dup_dataset/alpha=0.8/6-9-49/08878.txt,46,0.26933
0.8,6,9,49,benchmark/dup_dataset/alpha=0.8/6-9-49/08879.txt,41,0.244138
0.8,6,9,49,benchmark/dup_dataset/alpha=0.8/6-9-49/08880.txt,62,0.356601
0.8,6,9,49,benchmark/dup_dataset/alpha=0.8/6-9-49/08881.txt,48,0.295388
0.8,6,9,49,benchmark/dup_dataset/alpha=0.8/6-9-49/08882.txt,54,0.307885
0.8,6,9,49,benchmark/dup_dataset/alpha=0.8/6-9-49/08883.txt,50,0.29255
0.8,6,9,49,benchmark/dup_dataset/alpha=0.8/6-9-49/08884.txt,61,0.359975
0.8,6,9,49,benchmark/dup_dataset/alpha=0.8/6-9-49/08885.txt,50,0.309113
0.8,6,9,49,benchmark/dup_dataset/alpha=0.8/6-9-49/08886.txt,44,0.281294
0.8,6,9,49,benchmark/dup_dataset/alpha=0.8/6-9-49/08887.txt,55,0.322549
0.8,6,9,49,benchmark/dup_dataset/alpha=0.8/6-9-49/08888.txt,48,0.295166
0.8,6,9,49,benchmark/dup_dataset/alpha=0.8/6-9-49/08889.txt,56,0.327551
0.8,6,9,49,benchmark/dup_dataset/alpha=0.8/6-9-49/08890.txt,49,0.297305
0.8,6,9,49,benchmark/dup_dataset/alpha=0.8/6-9-49/08891.txt,59,0.337165
0.8,6,9,49,benchmark/dup_dataset/alpha=0.8/6-9-49/08892.txt,32,0.206917
0.8,6,9,49,benchmark/dup_dataset/alpha=0.8/6-9-49/08893.txt,43,0.263066
0.8,6,9,49,benchmark/dup_dataset/alpha=0.8/6-9-49/08894.txt,41,0.245045
0.8,6,9,49,benchmark/dup_dataset/alpha=0.8/6-9-49/08895.txt,59,0.330964
0.8,6,9,49,benchmark/dup_dataset/alpha=0.8/6-9-49/08896.txt,69,0.39695
0.8,6,9,49,benchmark/dup_dataset/alpha=0.8/6-9-49/08897.txt,58,0.333998
0.8,6,9,49,benchmark/dup_dataset/alpha=0.8/6-9-49/08898.txt,40,0.253998
0.8,6,9,49,benchmark/dup_dataset/alpha=0.8/6-9-49/08899.txt,55,0.331775
0.8,6,9,49,benchmark/dup_dataset/alpha=0.8/6-9-49/08900.txt,54,0.315924
0.8,6,9,50,benchmark/dup_dataset/alpha=0.8/6-9-50/08901.txt,67,0.382351
0.8,6,9,50,benchmark/dup_dataset/alpha=0.8/6-9-50/08902.txt,59,0.331086
0.8,6,9,50,benchmark/dup_dataset/alpha=0.8/6-9-50/08903.txt,70,0.400633
0.8,6,9,50,benchmark/dup_dataset/alpha=0.8/6-9-50/08904.txt,46,0.286929
0.8,6,9,50,benchmark/dup_dataset/alpha=0.8/6-9-50/08905.txt,52,0.30138
0.8,6,9,50,benchmark/dup_dataset/alpha=0.8/6-9-50/08906.txt,54,0.319849
0.8,6,9,50,benchmark/dup_dataset/alpha=0.8/6-9-50/08907.txt,56,0.320639
0.8,6,9,50,benchmark/dup_dataset/alpha=0.8/6-9-50/08908.txt,58,0.332398
0.8,6,9,50,benchmark/dup_dataset/alpha=0.8/6-9-50/08909.txt,56,0.33186
0.8,6,9,50,benchmark/dup_dataset/alpha=0.8/6-9-50/08910.txt,62,0.356185
0.8,6,9,50,benchmark/dup_dataset/alpha=0.8/6-9-50/08911.txt,52,0.308389
0.8,6,9,50,benchmark/dup_dataset/alpha=0.8/6-9-50/08912.txt,55,0.311843
0.8,6,9,50,benchmark/dup_dataset/alpha=0.8/6-9-50/08913.txt,61,0.354259
0.8,6,9,50,benchmark/dup_dataset/alpha=0.8/6-9-50/08914.txt,67,0.385107
0.8,6,9,50,benchmark/dup_dataset/alpha=0.8/6-9-50/08915.txt,43,0.274052
0.8,6,9,50,benchmark/dup_dataset/alpha=0.8/6-9-50/08916.txt,53,0.318549
0.8,6,9,50,benchmark/dup_dataset/alpha=0.8/6-9-50/08917.txt,43,0.271243
0.8,6,9,50,benchmark/dup_dataset/alpha=0.8/6-9-50/08918.txt,34,0.218737
0.8,6,9,50,benchmark/dup_dataset/alpha=0.8/6-9-50/08919.txt,59,0.34489
0.8,6,9,50,benchmark/dup_dataset/alpha=0.8/6-9-50/08920.txt,43,0.255863
0.8,6,9,50,benchmark/dup_dataset/alpha=0.8/6-9-50/08921.txt,71,0.400418
0.8,6,9,50,benchmark/dup_dataset/alpha=0.8/6-9-50/08922.txt,52,0.307751
0.8,6,9,50,benchmark/dup_dataset/alpha=0.8/6-9-50/08923.txt,58,0.359642
0.8,6,9,50,benchmark/dup_dataset/alpha=0.8/6-9-50/08924.txt,52,0.292606
0.8,6,9,50,benchmark/dup_dataset/alpha=0.8/6-9-50/08925.txt,59,0.339849
0.8,6,9,50,benchmark/dup_dataset/alpha=0.8/6-9-50/08926.txt,54,0.306677
0.8,6,9,50,benchmark/dup_dataset/alpha=0.8/6-9-50/08927.txt,59,0.361104
0.8,6,9,50,benchmark/dup_dataset/alpha=0.8/6-9-50/08928.txt,64,0.359741
0.8,6,9,50,benchmark/dup_dataset/alpha=0.8/6-9-50/08929.txt,52,0.310663
0.8,6,9,50,benchmark/dup_dataset/alpha=0.8/6-9-50/08930.txt,60,0.34114
0.8,6,9,50,benchmark/dup_dataset/alpha=0.8/6-9-50/08931.txt,49,0.291602
0.8,6,9,50,benchmark/dup_dataset/alpha=0.8/6-9-50/08932.txt,81,0.45761
0.8,6,9,50,benchmark/dup_dataset/alpha=0.8/6-9-50/08933.txt,46,0.272936
0.8,6,9,50,benchmark/dup_dataset/alpha=0.8/6-9-50/08934.txt,70,0.398925
0.8,6,9,50,benchmark/dup_dataset/alpha=0.8/6-9-50/08935.txt,58,0.34607
0.8,6,9,50,benchmark/dup_dataset/alpha=0.8/6-9-50/08936.txt,61,0.361621
0.8,6,9,50,benchmark/dup_dataset/alpha=0.8/6-9-50/08937.txt,67,0.3927
0.8,6,9,50,benchmark/dup_dataset/alpha=0.8/6-9-50/08938.txt,71,0.401111
0.8,6,9,50,benchmark/dup_dataset/alpha=0.8/6-9-50/08939.txt,65,0.363254
0.8,6,9,50,benchmark/dup_dataset/alpha=0.8/6-9-50/08940.txt,49,0.299819
0.8,6,9,50,benchmark/dup_dataset/alpha=0.8/6-9-50/08941.txt,58,0.330345
0.8,6,9,50,benchmark/dup_dataset/alpha=0.8/6-9-50/08942.txt,66,0.442474
0.8,6,9,50,benchmark/dup_dataset/alpha=0.8/6-9-50/08943.txt,43,0.290562
0.8,6,9,50,benchmark/dup_dataset/alpha=0.8/6-9-50/08944.txt,52,0.310902
0.8,6,9,50,benchmark/dup_dataset/alpha=0.8/6-9-50/08945.txt,53,0.310043
0.8,6,9,50,benchmark/dup_dataset/alpha=0.8/6-9-50/08946.txt,50,0.290062
0.8,6,9,50,benchmark/dup_dataset/alpha=0.8/6-9-50/08947.txt,62,0.355356
0.8,6,9,50,benchmark/dup_dataset/alpha=0.8/6-9-50/08948.txt,56,0.320885
0.8,6,9,50,benchmark/dup_dataset/alpha=0.8/6-9-50/08949.txt,57,0.331805
0.8,6,9,50,benchmark/dup_dataset/alpha=0.8/6-9-50/08950.txt,59,0.344036
0.8,6,9,50,benchmark/dup_dataset/alpha=0.8/6-9-50/08951.txt,59,0.341579
0.8,6,9,50,benchmark/dup_dataset/alpha=0.8/6-9-50/08952.txt,54,0.306093
0.8,6,9,50,benchmark/dup_dataset/alpha=0.8/6-9-50/08953.txt,42,0.250741
0.8,6,9,50,benchmark/dup_dataset/alpha=0.8/6-9-50/08954.txt,50,0.28878
0.8,6,9,50,benchmark/dup_dataset/alpha=0.8/6-9-50/08955.txt,50,0.298688
0.8,6,9,50,benchmark/dup_dataset/alpha=0.8/6-9-50/08956.txt,52,0.319298
0.8,6,9,50,benchmark/dup_dataset/alpha=0.8/6-9-50/08957.txt,67,0.371452
0.8,6,9,50,benchmark/dup_dataset/alpha=0.8/6-9-50/08958.txt,50,0.302701
0.8,6,9,50,benchmark/dup_dataset/alpha=0.8/6-9-50/08959.txt,55,0.324666
0.8,6,9,50,benchmark/dup_dataset/alpha=0.8/6-9-50/08960.txt,46,0.282698
0.8,6,9,50,benchmark/dup_dataset/alpha=0.8/6-9-50/08961.txt,40,0.241313
0.8,6,9,50,benchmark/dup_dataset/alpha=0.8/6-9-50/08962.txt,60,0.34809
0.8,6,9,50,benchmark/dup_dataset/alpha=0.8/6-9-50/08963.txt,48,0.298135
0.8,6,9,50,benchmark/dup_dataset/alpha=0.8/6-9-50/08964.txt,39,0.259345
0.8,6,9,50,benchmark/dup_dataset/alpha=0.8/6-9-50/08965.txt,64,0.35968
0.8,6,9,50,benchmark/dup_dataset/alpha=0.8/6-9-50/08966.txt,46,0.269372
0.8,6,9,50,benchmark/dup_dataset/alpha=0.8/6-9-50/08967.txt,50,0.29707
0.8,6,9,50,benchmark/dup_dataset/alpha=0.8/6-9-50/08968.txt,51,0.29301
0.8,6,9,50,benchmark/dup_dataset/alpha=0.8/6-9-50/08969.txt,58,0.329575
0.8,6,9,50,benchmark/dup_dataset/alpha=0.8/6-9-50/08970.txt,47,0.292432
0.8,6,9,50,benchmark/dup_dataset/alpha=0.8/6-9-50/08971.txt,60,0.340342
0.8,6,9,50,benchmark/dup_dataset/alpha=0.8/6-9-50/08972.txt,57,0.328567
0.8,6,9,50,benchmark/dup_dataset/alpha=0.8/6-9-50/08973.txt,53,0.318789
0.8,6,9,50,benchmark/dup_dataset/alpha=0.8/6-9-50/08974.txt,77,0.454703
0.8,6,9,50,benchmark/dup_dataset/alpha=0.8/6-9-50/08975.txt,60,0.353822
0.8,6,9,50,benchmark/dup_dataset/alpha=0.8/6-9-50/08976.txt,53,0.314243
0.8,6,9,50,benchmark/dup_dataset/alpha=0.8/6-9-50/08977.txt,62,0.365595
0.8,6,9,50,benchmark/dup_dataset/alpha=0.8/6-9-50/08978.txt,47,0.291437
0.8,6,9,50,benchmark/dup_dataset/alpha=0.8/6-9-50/08979.txt,49,0.284365
0.8,6,9,50,benchmark/dup_dataset/alpha=0.8/6-9-50/08980.txt,52,0.315694
0.8,6,9,50,benchmark/dup_dataset/alpha=0.8/6-9-50/08981.txt,50,0.309013
0.8,6,9,50,benchmark/dup_dataset/alpha=0.8/6-9-50/08982.txt,58,0.333509
0.8,6,9,50,benchmark/dup_dataset/alpha=0.8/6-9-50/08983.txt,64,0.3692
0.8,6,9,50,benchmark/dup_dataset/alpha=0.8/6-9-50/08984.txt,65,0.378632
0.8,6,9,50,benchmark/dup_dataset/alpha=0.8/6-9-50/08985.txt,42,0.254806
0.8,6,9,50,benchmark/dup_dataset/alpha=0.8/6-9-50/08986.txt,52,0.3042
0.8,6,9,50,benchmark/dup_dataset/alpha=0.8/6-9-50/08987.txt,66,0.400444
0.8,6,9,50,benchmark/dup_dataset/alpha=0.8/6-9-50/08988.txt,63,0.365112
0.8,6,9,50,benchmark/dup_dataset/alpha=0.8/6-9-50/08989.txt,49,0.300058
0.8,6,9,50,benchmark/dup_dataset/alpha=0.8/6-9-50/08990.txt,65,0.372365
0.8,6,9,50,benchmark/dup_dataset/alpha=0.8/6-9-50/08991.txt,58,0.341346
0.8,6,9,50,benchmark/dup_dataset/alpha=0.8/6-9-50/08992.txt,48,0.283863
0.8,6,9,50,benchmark/dup_dataset/alpha=0.8/6-9-50/08993.txt,50,0.29298
0.8,6,9,50,benchmark/dup_dataset/alpha=0.8/6-9-50/08994.txt,54,0.323036
0.8,6,9,50,benchmark/dup_dataset/alpha=0.8/6-9-50/08995.txt,68,0.382928
0.8,6,9,50,benchmark/dup_dataset/alpha=0.8/6-9-50/08996.txt,48,0.296593
0.8,6,9,50,benchmark/dup_dataset/alpha=0.8/6-9-50/08997.txt,55,0.312309
0.8,6,9,50,benchmark/dup_dataset/alpha=0.8/6-9-50/08998.txt,53,0.304333
0.8,6,9,50,benchmark/dup_dataset/alpha=0.8/6-9-50/08999.txt,54,0.324015
0.8,6,9,50,benchmark/dup_dataset/alpha=0.8/6-9-50/09000.txt,52,0.296624
0.8,6,9,51,benchmark/dup_dataset/alpha=0.8/6-9-51/09001.txt,55,0.310632
0.8,6,9,51,benchmark/dup_dataset/alpha=0.8/6-9-51/09002.txt,52,0.313612
0.8,6,9,51,benchmark/dup_dataset/alpha=0.8/6-9-51/09003.txt,50,0.292505
0.8,6,9,51,benchmark/dup_dataset/alpha=0.8/6-9-51/09004.txt,62,0.366395
0.8,6,9,51,benchmark/dup_dataset/alpha=0.8/6-9-51/09005.txt,62,0.363367
0.8,6,9,51,benchmark/dup_dataset/alpha=0.8/6-9-51/09006.txt,54,0.323794
0.8,6,9,51,benchmark/dup_dataset/alpha=0.8/6-9-51/09007.txt,48,0.290045
0.8,6,9,51,benchmark/dup_dataset/alpha=0.8/6-9-51/09008.txt,65,0.368188
0.8,6,9,51,benchmark/dup_dataset/alpha=0.8/6-9-51/09009.txt,56,0.343104
0.8,6,9,51,benchmark/dup_dataset/alpha=0.8/6-9-51/09010.txt,44,0.287832
0.8,6,9,51,benchmark/dup_dataset/alpha=0.8/6-9-51/09011.txt,56,0.33311
0.8,6,9,51,benchmark/dup_dataset/alpha=0.8/6-9-51/09012.txt,49,0.29855
0.8,6,9,51,benchmark/dup_dataset/alpha=0.8/6-9-51/09013.txt,64,0.392694
0.8,6,9,51,benchmark/dup_dataset/alpha=0.8/6-9-51/09014.txt,39,0.277512
0.8,6,9,51,benchmark/dup_dataset/alpha=0.8/6-9-51/09015.txt,47,0.331004
0.8,6,9,51,benchmark/dup_dataset/alpha=0.8/6-9-51/09016.txt,59,0.398644
0.8,6,9,51,benchmark/dup_dataset/alpha=0.8/6-9-51/09017.txt,63,0.431158
0.8,6,9,51,benchmark/dup_dataset/alpha=0.8/6-9-51/09018.txt,65,0.399294
0.8,6,9,51,benchmark/dup_dataset/alpha=0.8/6-9-51/09019.txt,66,0.375935
0.8,6,9,51,benchmark/dup_dataset/alpha=0.8/6-9-51/09020.txt,49,0.30911
0.8,6,9,51,benchmark/dup_dataset/alpha=0.8/6-9-51/09021.txt,50,0.300443
0.8,6,9,51,benchmark/dup_dataset/alpha=0.8/6-9-51/09022.txt,61,0.356814
0.8,6,9,51,benchmark/dup_dataset/alpha=0.8/6-9-51/09023.txt,58,0.381062
0.8,6,9,51,benchmark/dup_dataset/alpha=0.8/6-9-51/09024.txt,55,0.373768
0.8,6,9,51,benchmark/dup_dataset/alpha=0.8/6-9-51/09025.txt,62,0.352242
0.8,6,9,51,benchmark/dup_dataset/alpha=0.8/6-9-51/09026.txt,47,0.306525
0.8,6,9,51,benchmark/dup_dataset/alpha=0.8/6-9-51/09027.txt,61,0.377371
0.8,6,9,51,benchmark/dup_dataset/alpha=0.8/6-9-51/09028.txt,64,0.367887
0.8,6,9,51,benchmark/dup_dataset/alpha=0.8/6-9-51/09029.txt,49,0.289335
0.8,6,9,51,benchmark/dup_dataset/alpha=0.8/6-9-51/09030.txt,60,0.349748
0.8,6,9,51,benchmark/dup_dataset/alpha=0.8/6-9-51/09031.txt,60,0.348195
0.8,6,9,51,benchmark/dup_dataset/alpha=0.8/6-9-51/09032.txt,59,0.348299
0.8,6,9,51,benchmark/dup_dataset/alpha=0.8/6-9-51/09033.txt,3,0.016779
0.8,6,9,51,benchmark/dup_dataset/alpha=0.8/6-9-51/09034.txt,53,0.310106
0.8,6,9,51,benchmark/dup_dataset/alpha=0.8/6-9-51/09035.txt,57,0.33694
0.8,6,9,51,benchmark/dup_dataset/alpha=0.8/6-9-51/09036.txt,47,0.286237
0.8,6,9,51,benchmark/dup_dataset/alpha=0.8/6-9-51/09037.txt,49,0.296233
0.8,6,9,51,benchmark/dup_dataset/alpha=0.8/6-9-51/09038.txt,59,0.351781
0.8,6,9,51,benchmark/dup_dataset/alpha=0.8/6-9-51/09039.txt,48,0.31227
0.8,6,9,51,benchmark/dup_dataset/alpha=0.8/6-9-51/09040.txt,71,0.421155
0.8,6,9,51,benchmark/dup_dataset/alpha=0.8/6-9-51/09041.txt,45,0.256344
0.8,6,9,51,benchmark/dup_dataset/alpha=0.8/6-9-51/09042.txt,60,0.340695
0.8,6,9,51,benchmark/dup_dataset/alpha=0.8/6-9-51/09043.txt,68,0.39936
0.8,6,9,51,benchmark/dup_dataset/alpha=0.8/6-9-51/09044.txt,50,0.301748
0.8,6,9,51,benchmark/dup_dataset/alpha=0.8/6-9-51/09045.txt,73,0.409574
0.8,6,9,51,benchmark/dup_dataset/alpha=0.8/6-9-51/09046.txt,39,0.22982
0.8,6,9,51,benchmark/dup_dataset/alpha=0.8/6-9-51/09047.txt,50,0.296141
0.8,6,9,51,benchmark/dup_dataset/alpha=0.8/6-9-51/09048.txt,44,0.262733
0.8,6,9,51,benchmark/dup_dataset/alpha=0.8/6-9-51/09049.txt,52,0.319627
0.8,6,9,51,benchmark/dup_dataset/alpha=0.8/6-9-51/09050.txt,60,0.348672
0.8,6,9,51,benchmark/dup_dataset/alpha=0.8/6-9-51/09051.txt,70,0.397991
0.8,6,9,51,benchmark/dup_dataset/alpha=0.8/6-9-51/09052.txt,67,0.380569
0.8,6,9,51,benchmark/dup_dataset/alpha=0.8/6-9-51/09053.txt,51,0.308308
0.8,6,9,51,benchmark/dup_dataset/alpha=0.8/6-9-51/09054.txt,50,0.300833
0.8,6,9,51,benchmark/dup_dataset/alpha=0.8/6-9-51/09055.txt,56,0.323569
0.8,6,9,51,benchmark/dup_dataset/alpha=0.8/6-9-51/09056.txt,57,0.341357
0.8,6,9,51,benchmark/dup_dataset/alpha=0.8/6-9-51/09057.txt,75,0.426389
0.8,6,9,51,benchmark/dup_dataset/alpha=0.8/6-9-51/09058.txt,52,0.308399
0.8,6,9,51,benchmark/dup_dataset/alpha=0.8/6-9-51/09059.txt,72,0.417737
0.8,6,9,51,benchmark/dup_dataset/alpha=0.8/6-9-51/09060.txt,67,0.387428
0.8,6,9,51,benchmark/dup_dataset/alpha=0.8/6-9-51/09061.txt,68,0.400167
0.8,6,9,51,benchmark/dup_dataset/alpha=0.8/6-9-51/09062.txt,75,0.411788
0.8,6,9,51,benchmark/dup_dataset/alpha=0.8/6-9-51/09063.txt,42,0.296037
0.8,6,9,51,benchmark/dup_dataset/alpha=0.8/6-9-51/09064.txt,61,0.412591
0.8,6,9,51,benchmark/dup_dataset/alpha=0.8/6-9-51/09065.txt,57,0.387325
0.8,6,9,51,benchmark/dup_dataset/alpha=0.8/6-9-51/09066.txt,60,0.399641
0.8,6,9,51,benchmark/dup_dataset/alpha=0.8/6-9-51/09067.txt,56,0.376207
0.8,6,9,51,benchmark/dup_dataset/alpha=0.8/6-9-51/09068.txt,50,0.332525
0.8,6,9,51,benchmark/dup_dataset/alpha=0.8/6-9-51/09069.txt,54,0.360884
0.8,6,9,51,benchmark/dup_dataset/alpha=0.8/6-9-51/09070.txt,59,0.351915
0.8,6,9,51,benchmark/dup_dataset/alpha=0.8/6-9-51/09071.txt,60,0.392608
0.8,6,9,51,benchmark/dup_dataset/alpha=0.8/6-9-51/09072.txt,78,0.509219
0.8,6,9,51,benchmark/dup_dataset/alpha=0.8/6-9-51/09073.txt,65,0.426457
0.8,6,9,51,benchmark/dup_dataset/alpha=0.8/6-9-51/09074.txt,44,0.295139
0.8,6,9,51,benchmark/dup_dataset/alpha=0.8/6-9-51/09075.txt,51,0.355577
0.8,6,9,51,benchmark/dup_dataset/alpha=0.8/6-9-51/09076.txt,66,0.435567
0.8,6,9,51,benchmark/dup_dataset/alpha=0.8/6-9-51/09077.txt,56,0.376185
0.8,6,9,51,benchmark/dup_dataset/alpha=0.8/6-9-51/09078.txt,59,0.399987
0.8,6,9,51,benchmark/dup_dataset/alpha=0.8/6-9-51/09079.txt,64,0.426168
0.8,6,9,51,benchmark/dup_dataset/alpha=0.8/6-9-51/09080.txt,75,0.47215
0.8,6,9,51,benchmark/dup_dataset/alpha=0.8/6-9-51/09081.txt,61,0.406228
0.8,6,9,51,benchmark/dup_dataset/alpha=0.8/6-9-51/09082.txt,54,0.375908
0.8,6,9,51,benchmark/dup_dataset/alpha=0.8/6-9-51/09083.txt,61,0.409624
0.8,6,9,51,benchmark/dup_dataset/alpha=0.8/6-9-51/09084.txt,69,0.449492
0.8,6,9,51,benchmark/dup_dataset/alpha=0.8/6-9-51/09085.txt,48,0.277335
0.8,6,9,51,benchmark/dup_dataset/alpha=0.8/6-9-51/09086.txt,65,0.400244
0.8,6,9,51,benchmark/dup_dataset/alpha=0.8/6-9-51/09087.txt,47,0.329015
0.8,6,9,51,benchmark/dup_dataset/alpha=0.8/6-9-51/09088.txt,58,0.338533
0.8,6,9,51,benchmark/dup_dataset/alpha=0.8/6-9-51/09089.txt,60,0.356663
0.8,6,9,51,benchmark/dup_dataset/alpha=0.8/6-9-51/09090.txt,61,0.383766
0.8,6,9,51,benchmark/dup_dataset/alpha=0.8/6-9-51/09091.txt,62,0.356226
0.8,6,9,51,benchmark/dup_dataset/alpha=0.8/6-9-51/09092.txt,67,0.391745
0.8,6,9,51,benchmark/dup_dataset/alpha=0.8/6-9-51/09093.txt,66,0.371914
0.8,6,9,51,benchmark/dup_dataset/alpha=0.8/6-9-51/09094.txt,64,0.384907
0.8,6,9,51,benchmark/dup_dataset/alpha=0.8/6-9-51/09095.txt,58,0.372517
0.8,6,9,51,benchmark/dup_dataset/alpha=0.8/6-9-51/09096.txt,50,0.33764
0.8,6,9,51,benchmark/dup_dataset/alpha=0.8/6-9-51/09097.txt,56,0.372543
0.8,6,9,51,benchmark/dup_dataset/alpha=0.8/6-9-51/09098.txt,57,0.395533
0.8,6,9,51,benchmark/dup_dataset/alpha=0.8/6-9-51/09099.txt,64,0.419091
0.8,6,9,51,benchmark/dup_dataset/alpha=0.8/6-9-51/09100.txt,72,0.453348
0.8,6,9,52,benchmark/dup_dataset/alpha=0.8/6-9-52/09101.txt,4,0.023746
0.8,6,9,52,benchmark/dup_dataset/alpha=0.8/6-9-52/09102.txt,50,0.339242
0.8,6,9,52,benchmark/dup_dataset/alpha=0.8/6-9-52/09103.txt,39,0.276568
0.8,6,9,52,benchmark/dup_dataset/alpha=0.8/6-9-52/09104.txt,43,0.289323
0.8,6,9,52,benchmark/dup_dataset/alpha=0.8/6-9-52/09105.txt,2,0.014611
0.8,6,9,52,benchmark/dup_dataset/alpha=0.8/6-9-52/09106.txt,59,0.39745
0.8,6,9,52,benchmark/dup_dataset/alpha=0.8/6-9-52/09107.txt,60,0.388658
0.8,6,9,52,benchmark/dup_dataset/alpha=0.8/6-9-52/09108.txt,65,0.437478
0.8,6,9,52,benchmark/dup_dataset/alpha=0.8/6-9-52/09109.txt,46,0.312822
0.8,6,9,52,benchmark/dup_dataset/alpha=0.8/6-9-52/09110.txt,43,0.302794
0.8,6,9,52,benchmark/dup_dataset/alpha=0.8/6-9-52/09111.txt,2,0.011871
0.8,6,9,52,benchmark/dup_dataset/alpha=0.8/6-9-52/09112.txt,45,0.290908
0.8,6,9,52,benchmark/dup_dataset/alpha=0.8/6-9-52/09113.txt,55,0.371303
0.8,6,9,52,benchmark/dup_dataset/alpha=0.8/6-9-52/09114.txt,53,0.361936
0.8,6,9,52,benchmark/dup_dataset/alpha=0.8/6-9-52/09115.txt,54,0.365158
0.8,6,9,52,benchmark/dup_dataset/alpha=0.8/6-9-52/09116.txt,56,0.3709
0.8,6,9,52,benchmark/dup_dataset/alpha=0.8/6-9-52/09117.txt,55,0.375373
0.8,6,9,52,benchmark/dup_dataset/alpha=0.8/6-9-52/09118.txt,64,0.430798
0.8,6,9,52,benchmark/dup_dataset/alpha=0.8/6-9-52/09119.txt,41,0.288844
0.8,6,9,52,benchmark/dup_dataset/alpha=0.8/6-9-52/09120.txt,47,0.325637
0.8,6,9,52,benchmark/dup_dataset/alpha=0.8/6-9-52/09121.txt,40,0.267254
0.8,6,9,52,benchmark/dup_dataset/alpha=0.8/6-9-52/09122.txt,48,0.342731
0.8,6,9,52,benchmark/dup_dataset/alpha=0.8/6-9-52/09123.txt,44,0.315421
0.8,6,9,52,benchmark/dup_dataset/alpha=0.8/6-9-52/09124.txt,3,0.019377
0.8,6,9,52,benchmark/dup_dataset/alpha=0.8/6-9-52/09125.txt,55,0.370963
0.8,6,9,52,benchmark/dup_dataset/alpha=0.8/6-9-52/09126.txt,49,0.322429
0.8,6,9,52,benchmark/dup_dataset/alpha=0.8/6-9-52/09127.txt,3,0.024029
0.8,6,9,52,benchmark/dup_dataset/alpha=0.8/6-9-52/09128.txt,62,0.416788
0.8,6,9,52,benchmark/dup_dataset/alpha=0.8/6-9-52/09129.txt,51,0.344085
0.8,6,9,52,benchmark/dup_dataset/alpha=0.8/6-9-52/09130.txt,5,0.037134
0.8,6,9,52,benchmark/dup_dataset/alpha=0.8/6-9-52/09131.txt,4,0.028328
0.8,6,9,52,benchmark/dup_dataset/alpha=0.8/6-9-52/09132.txt,49,0.309199
0.8,6,9,52,benchmark/dup_dataset/alpha=0.8/6-9-52/09133.txt,46,0.318431
0.8,6,9,52,benchmark/dup_dataset/alpha=0.8/6-9-52/09134.txt,4,0.02405
0.8,6,9,52,benchmark/dup_dataset/alpha=0.8/6-9-52/09135.txt,63,0.415657
0.8,6,9,52,benchmark/dup_dataset/alpha=0.8/6-9-52/09136.txt,53,0.342548
0.8,6,9,52,benchmark/dup_dataset/alpha=0.8/6-9-52/09137.txt,7,0.039304
0.8,6,9,52,benchmark/dup_dataset/alpha=0.8/6-9-52/09138.txt,6,0.032652
0.8,6,9,52,benchmark/dup_dataset/alpha=0.8/6-9-52/09139.txt,37,0.245636
0.8,6,9,52,benchmark/dup_dataset/alpha=0.8/6-9-52/09140.txt,57,0.383799
0.8,6,9,52,benchmark/dup_dataset/alpha=0.8/6-9-52/09141.txt,56,0.347082
0.8,6,9,52,benchmark/dup_dataset/alpha=0.8/6-9-52/09142.txt,49,0.296658
0.8,6,9,52,benchmark/dup_dataset/alpha=0.8/6-9-52/09143.txt,54,0.31687
0.8,6,9,52,benchmark/dup_dataset/alpha=0.8/6-9-52/09144.txt,39,0.245404
0.8,6,9,52,benchmark/dup_dataset/alpha=0.8/6-9-52/09145.txt,54,0.312715
0.8,6,9,52,benchmark/dup_dataset/alpha=0.8/6-9-52/09146.txt,55,0.360084
0.8,6,9,52,benchmark/dup_dataset/alpha=0.8/6-9-52/09147.txt,3,0.016815
0.8,6,9,52,benchmark/dup_dataset/alpha=0.8/6-9-52/09148.txt,55,0.305279
0.8,6,9,52,benchmark/dup_dataset/alpha=0.8/6-9-52/09149.txt,45,0.271882
0.8,6,9,52,benchmark/dup_dataset/alpha=0.8/6-9-52/09150.txt,49,0.313243
0.8,6,9,52,benchmark/dup_dataset/alpha=0.8/6-9-52/09151.txt,5,0.030068
0.8,6,9,52,benchmark/dup_dataset/alpha=0.8/6-9-52/09152.txt,42,0.282335
0.8,6,9,52,benchmark/dup_dataset/alpha=0.8/6-9-52/09153.txt,48,0.285824
0.8,6,9,52,benchmark/dup_dataset/alpha=0.8/6-9-52/09154.txt,53,0.296885
0.8,6,9,52,benchmark/dup_dataset/alpha=0.8/6-9-52/09155.txt,59,0.350767
0.8,6,9,52,benchmark/dup_dataset/alpha=0.8/6-9-52/09156.txt,51,0.300825
0.8,6,9,52,benchmark/dup_dataset/alpha=0.8/6-9-52/09157.txt,70,0.394125
0.8,6,9,52,benchmark/dup_dataset/alpha=0.8/6-9-52/09158.txt,55,0.32571
0.8,6,9,52,benchmark/dup_dataset/alpha=0.8/6-9-52/09159.txt,41,0.226349
0.8,6,9,52,benchmark/dup_dataset/alpha=0.8/6-9-52/09160.txt,62,0.366686
0.8,6,9,52,benchmark/dup_dataset/alpha=0.8/6-9-52/09161.txt,46,0.271459
0.8,6,9,52,benchmark/dup_dataset/alpha=0.8/6-9-52/09162.txt,5,0.029108
0.8,6,9,52,benchmark/dup_dataset/alpha=0.8/6-9-52/09163.txt,52,0.320438
0.8,6,9,52,benchmark/dup_dataset/alpha=0.8/6-9-52/09164.txt,6,0.035546
0.8,6,9,52,benchmark/dup_dataset/alpha=0.8/6-9-52/09165.txt,68,0.421322
0.8,6,9,52,benchmark/dup_dataset/alpha=0.8/6-9-52/09166.txt,54,0.358656
0.8,6,9,52,benchmark/dup_dataset/alpha=0.8/6-9-52/09167.txt,58,0.388061
0.8,6,9,52,benchmark/dup_dataset/alpha=0.8/6-9-52/09168.txt,59,0.389746
0.8,6,9,52,benchmark/dup_dataset/alpha=0.8/6-9-52/09169.txt,7,0.036512
0.8,6,9,52,benchmark/dup_dataset/alpha=0.8/6-9-52/09170.txt,57,0.336844
0.8,6,9,52,benchmark/dup_dataset/alpha=0.8/6-9-52/09171.txt,54,0.322715
0.8,6,9,52,benchmark/dup_dataset/alpha=0.8/6-9-52/09172.txt,55,0.321037
0.8,6,9,52,benchmark/dup_dataset/alpha=0.8/6-9-52/09173.txt,54,0.335465
0.8,6,9,52,benchmark/dup_dataset/alpha=0.8/6-9-52/09174.txt,54,0.366485
0.8,6,9,52,benchmark/dup_dataset/alpha=0.8/6-9-52/09175.txt,50,0.341418
0.8,6,9,52,benchmark/dup_dataset/alpha=0.8/6-9-52/09176.txt,3,0.01909
0.8,6,9,52,benchmark/dup_dataset/alpha=0.8/6-9-52/09177.txt,49,0.333461
0.8,6,9,52,benchmark/dup_dataset/alpha=0.8/6-9-52/09178.txt,49,0.31868
0.8,6,9,52,benchmark/dup_dataset/alpha=0.8/6-9-52/09179.txt,49,0.332713
0.8,6,9,52,benchmark/dup_dataset/alpha=0.8/6-9-52/09180.txt,54,0.361881
0.8,6,9,52,benchmark/dup_dataset/alpha=0.8/6-9-52/09181.txt,58,0.371581
0.8,6,9,52,benchmark/dup_dataset/alpha=0.8/6-9-52/09182.txt,57,0.344493
0.8,6,9,52,benchmark/dup_dataset/alpha=0.8/6-9-52/09183.txt,62,0.364708
0.8,6,9,52,benchmark/dup_dataset/alpha=0.8/6-9-52/09184.txt,74,0.415263
0.8,6,9,52,benchmark/dup_dataset/alpha=0.8/6-9-52/09185.txt,49,0.299011
0.8,6,9,52,benchmark/dup_dataset/alpha=0.8/6-9-52/09186.txt,4,0.024729
0.8,6,9,52,benchmark/dup_dataset/alpha=0.8/6-9-52/09187.txt,64,0.412282
0.8,6,9,52,benchmark/dup_dataset/alpha=0.8/6-9-52/09188.txt,39,0.266654
0.8,6,9,52,benchmark/dup_dataset/alpha=0.8/6-9-52/09189.txt,60,0.401203
0.8,6,9,52,benchmark/dup_dataset/alpha=0.8/6-9-52/09190.txt,56,0.366515
0.8,6,9,52,benchmark/dup_dataset/alpha=0.8/6-9-52/09191.txt,51,0.357414
0.8,6,9,52,benchmark/dup_dataset/alpha=0.8/6-9-52/09192.txt,7,0.046677
0.8,6,9,52,benchmark/dup_dataset/alpha=0.8/6-9-52/09193.txt,1,0.009902
0.8,6,9,52,benchmark/dup_dataset/alpha=0.8/6-9-52/09194.txt,55,0.372686
0.8,6,9,52,benchmark/dup_dataset/alpha=0.8/6-9-52/09195.txt,46,0.325171
0.8,6,9,52,benchmark/dup_dataset/alpha=0.8/6-9-52/09196.txt,62,0.420384
0.8,6,9,52,benchmark/dup_dataset/alpha=0.8/6-9-52/09197.txt,55,0.367309
0.8,6,9,52,benchmark/dup_dataset/alpha=0.8/6-9-52/09198.txt,46,0.318524
0.8,6,9,52,benchmark/dup_dataset/alpha=0.8/6-9-52/09199.txt,53,0.347643
0.8,6,9,52,benchmark/dup_dataset/alpha=0.8/6-9-52/09200.txt,5,0.035791
0.8,6,9,53,benchmark/dup_dataset/alpha=0.8/6-9-53/09201.txt,56,0.311238
0.8,6,9,53,benchmark/dup_dataset/alpha=0.8/6-9-53/09202.txt,58,0.350232
0.8,6,9,53,benchmark/dup_dataset/alpha=0.8/6-9-53/09203.txt,58,0.363278
0.8,6,9,53,benchmark/dup_dataset/alpha=0.8/6-9-53/09204.txt,55,0.361819
0.8,6,9,53,benchmark/dup_dataset/alpha=0.8/6-9-53/09205.txt,6,0.042276
0.8,6,9,53,benchmark/dup_dataset/alpha=0.8/6-9-53/09206.txt,46,0.32136
0.8,6,9,53,benchmark/dup_dataset/alpha=0.8/6-9-53/09207.txt,54,0.374486
0.8,6,9,53,benchmark/dup_dataset/alpha=0.8/6-9-53/09208.txt,2,0.019116
0.8,6,9,53,benchmark/dup_dataset/alpha=0.8/6-9-53/09209.txt,56,0.378665
0.8,6,9,53,benchmark/dup_dataset/alpha=0.8/6-9-53/09210.txt,8,0.044412
0.8,6,9,53,benchmark/dup_dataset/alpha=0.8/6-9-53/09211.txt,51,0.295899
0.8,6,9,53,benchmark/dup_dataset/alpha=0.8/6-9-53/09212.txt,58,0.323959
0.8,6,9,53,benchmark/dup_dataset/alpha=0.8/6-9-53/09213.txt,44,0.263531
0.8,6,9,53,benchmark/dup_dataset/alpha=0.8/6-9-53/09214.txt,46,0.296864
0.8,6,9,53,benchmark/dup_dataset/alpha=0.8/6-9-53/09215.txt,56,0.389613
0.8,6,9,53,benchmark/dup_dataset/alpha=0.8/6-9-53/09216.txt,44,0.311746
0.8,6,9,53,benchmark/dup_dataset/alpha=0.8/6-9-53/09217.txt,54,0.375149
0.8,6,9,53,benchmark/dup_dataset/alpha=0.8/6-9-53/09218.txt,34,0.260069
0.8,6,9,53,benchmark/dup_dataset/alpha=0.8/6-9-53/09219.txt,53,0.360963
0.8,6,9,53,benchmark/dup_dataset/alpha=0.8/6-9-53/09220.txt,50,0.340723
0.8,6,9,53,benchmark/dup_dataset/alpha=0.8/6-9-53/09221.txt,1,0.009877
0.8,6,9,53,benchmark/dup_dataset/alpha=0.8/6-9-53/09222.txt,62,0.394494
0.8,6,9,53,benchmark/dup_dataset/alpha=0.8/6-9-53/09223.txt,4,0.025026
0.8,6,9,53,benchmark/dup_dataset/alpha=0.8/6-9-53/09224.txt,6,0.035324
0.8,6,9,53,benchmark/dup_dataset/alpha=0.8/6-9-53/09225.txt,50,0.329434
0.8,6,9,53,benchmark/dup_dataset/alpha=0.8/6-9-53/09226.txt,41,0.270718
0.8,6,9,53,benchmark/dup_dataset/alpha=0.8/6-9-53/09227.txt,45,0.294934
0.8,6,9,53,benchmark/dup_dataset/alpha=0.8/6-9-53/09228.txt,65,0.434808
0.8,6,9,53,benchmark/dup_dataset/alpha=0.8/6-9-53/09229.txt,57,0.395972
0.8,6,9,53,benchmark/dup_dataset/alpha=0.8/6-9-53/09230.txt,46,0.316255
0.8,6,9,53,benchmark/dup_dataset/alpha=0.8/6-9-53/09231.txt,49,0.333603
0.8,6,9,53,benchmark/dup_dataset/alpha=0.8/6-9-53/09232.txt,1,0.01019
0.8,6,9,53,benchmark/dup_dataset/alpha=0.8/6-9-53/09233.txt,1,0.010083
0.8,6,9,53,benchmark/dup_dataset/alpha=0.8/6-9-53/09234.txt,37,0.249223
0.8,6,9,53,benchmark/dup_dataset/alpha=0.8/6-9-53/09235.txt,59,0.331805
0.8,6,9,53,benchmark/dup_dataset/alpha=0.8/6-9-53/09236.txt,52,0.310665
0.8,6,9,53,benchmark/dup_dataset/alpha=0.8/6-9-53/09237.txt,45,0.28225
0.8,6,9,53,benchmark/dup_dataset/alpha=0.8/6-9-53/09238.txt,65,0.38354
0.8,6,9,53,benchmark/dup_dataset/alpha=0.8/6-9-53/09239.txt,58,0.342353
0.8,6,9,53,benchmark/dup_dataset/alpha=0.8/6-9-53/09240.txt,8,0.048823
0.8,6,9,53,benchmark/dup_dataset/alpha=0.8/6-9-53/09241.txt,1,0.008615
0.8,6,9,53,benchmark/dup_dataset/alpha=0.8/6-9-53/09242.txt,52,0.317768
0.8,6,9,53,benchmark/dup_dataset/alpha=0.8/6-9-53/09243.txt,60,0.341173
0.8,6,9,53,benchmark/dup_dataset/alpha=0.8/6-9-53/09244.txt,1,0.008695
0.8,6,9,53,benchmark/dup_dataset/alpha=0.8/6-9-53/09245.txt,39,0.245069
0.8,6,9,53,benchmark/dup_dataset/alpha=0.8/6-9-53/09246.txt,49,0.291449
0.8,6,9,53,benchmark/dup_dataset/alpha=0.8/6-9-53/09247.txt,52,0.307868
0.8,6,9,53,benchmark/dup_dataset/alpha=0.8/6-9-53/09248.txt,59,0.356996
0.8,6,9,53,benchmark/dup_dataset/alpha=0.8/6-9-53/09249.txt,61,0.371672
0.8,6,9,53,benchmark/dup_dataset/alpha=0.8/6-9-53/09250.txt,53,0.324255
0.8,6,9,53,benchmark/dup_dataset/alpha=0.8/6-9-53/09251.txt,6,0.036665
0.8,6,9,53,benchmark/dup_dataset/alpha=0.8/6-9-53/09252.txt,3,0.024736
0.8,6,9,53,benchmark/dup_dataset/alpha=0.8/6-9-53/09253.txt,57,0.338129
0.8,6,9,53,benchmark/dup_dataset/alpha=0.8/6-9-53/09254.txt,61,0.359148
0.8,6,9,53,benchmark/dup_dataset/alpha=0.8/6-9-53/09255.txt,44,0.27019
0.8,6,9,53,benchmark/dup_dataset/alpha=0.8/6-9-53/09256.txt,67,0.385547
0.8,6,9,53,benchmark/dup_dataset/alpha=0.8/6-9-53/09257.txt,40,0.25191
0.8,6,9,53,benchmark/dup_dataset/alpha=0.8/6-9-53/09258.txt,46,0.274697
0.8,6,9,53,benchmark/dup_dataset/alpha=0.8/6-9-53/09259.txt,59,0.33825
0.8,6,9,53,benchmark/dup_dataset/alpha=0.8/6-9-53/09260.txt,53,0.314594
0.8,6,9,53,benchmark/dup_dataset/alpha=0.8/6-9-53/09261.txt,66,0.379405
0.8,6,9,53,benchmark/dup_dataset/alpha=0.8/6-9-53/09262.txt,40,0.248085
0.8,6,9,53,benchmark/dup_dataset/alpha=0.8/6-9-53/09263.txt,68,0.379372
0.8,6,9,53,benchmark/dup_dataset/alpha=0.8/6-9-53/09264.txt,64,0.356047
0.8,6,9,53,benchmark/dup_dataset/alpha=0.8/6-9-53/09265.txt,54,0.3205
0.8,6,9,53,benchmark/dup_dataset/alpha=0.8/6-9-53/09266.txt,36,0.225887
0.8,6,9,53,benchmark/dup_dataset/alpha=0.8/6-9-53/09267.txt,4,0.02492
0.8,6,9,53,benchmark/dup_dataset/alpha=0.8/6-9-53/09268.txt,47,0.279608
0.8,6,9,53,benchmark/dup_dataset/alpha=0.8/6-9-53/09269.txt,54,0.326048
0.8,6,9,53,benchmark/dup_dataset/alpha=0.8/6-9-53/09270.txt,46,0.284085
0.8,6,9,53,benchmark/dup_dataset/alpha=0.8/6-9-53/09271.txt,42,0.249911
0.8,6,9,53,benchmark/dup_dataset/alpha=0.8/6-9-53/09272.txt,49,0.285164
0.8,6,9,53,benchmark/dup_dataset/alpha=0.8/6-9-53/09273.txt,5,0.028538
0.8,6,9,53,benchmark/dup_dataset/alpha=0.8/6-9-53/09274.txt,7,0.044544
0.8,6,9,53,benchmark/dup_dataset/alpha=0.8/6-9-53/09275.txt,60,0.343889
0.8,6,9,53,benchmark/dup_dataset/alpha=0.8/6-9-53/09276.txt,59,0.342392
0.8,6,9,53,benchmark/dup_dataset/alpha=0.8/6-9-53/09277.txt,63,0.368548
0.8,6,9,53,benchmark/dup_dataset/alpha=0.8/6-9-53/09278.txt,4,0.024956
0.8,6,9,53,benchmark/dup_dataset/alpha=0.8/6-9-53/09279.txt,55,0.336873
0.8,6,9,53,benchmark/dup_dataset/alpha=0.8/6-9-53/09280.txt,5,0.02916
0.8,6,9,53,benchmark/dup_dataset/alpha=0.8/6-9-53/09281.txt,36,0.217612
0.8,6,9,53,benchmark/dup_dataset/alpha=0.8/6-9-53/09282.txt,63,0.365948
0.8,6,9,53,benchmark/dup_dataset/alpha=0.8/6-9-53/09283.txt,3,0.020984
0.8,6,9,53,benchmark/dup_dataset/alpha=0.8/6-9-53/09284.txt,2,0.012804
0.8,6,9,53,benchmark/dup_dataset/alpha=0.8/6-9-53/09285.txt,61,0.348096
0.8,6,9,53,benchmark/dup_dataset/alpha=0.8/6-9-53/09286.txt,54,0.335613
0.8,6,9,53,benchmark/dup_dataset/alpha=0.8/6-9-53/09287.txt,45,0.272422
0.8,6,9,53,benchmark/dup_dataset/alpha=0.8/6-9-53/09288.txt,7,0.036679
0.8,6,9,53,benchmark/dup_dataset/alpha=0.8/6-9-53/09289.txt,62,0.35611
0.8,6,9,53,benchmark/dup_dataset/alpha=0.8/6-9-53/09290.txt,2,0.012849
0.8,6,9,53,benchmark/dup_dataset/alpha=0.8/6-9-53/09291.txt,4,0.025008
0.8,6,9,53,benchmark/dup_dataset/alpha=0.8/6-9-53/09292.txt,1,0.012764
0.8,6,9,53,benchmark/dup_dataset/alpha=0.8/6-9-53/09293.txt,54,0.311797
0.8,6,9,53,benchmark/dup_dataset/alpha=0.8/6-9-53/09294.txt,1,0.008572
0.8,6,9,53,benchmark/dup_dataset/alpha=0.8/6-9-53/09295.txt,2,0.012849
0.8,6,9,53,benchmark/dup_dataset/alpha=0.8/6-9-53/09296.txt,3,0.020575
0.8,6,9,53,benchmark/dup_dataset/alpha=0.8/6-9-53/09297.txt,73,0.407801
0.8,6,9,53,benchmark/dup_dataset/alpha=0.8/6-9-53/09298.txt,63,0.368963
0.8,6,9,53,benchmark/dup_dataset/alpha=0.8/6-9-53/09299.txt,42,0.256662
0.8,6,9,53,benchmark/dup_dataset/alpha=0.8/6-9-53/09300.txt,56,0.332949
0.8,6,10,54,benchmark/dup_dataset/alpha=0.8/6-10-54/11201.txt,55,0.358242
0.8,6,10,54,benchmark/dup_dataset/alpha=0.8/6-10-54/11202.txt,60,0.951954
0.8,6,10,54,benchmark/dup_dataset/alpha=0.8/6-10-54/11203.txt,39,0.345927
0.8,6,10,54,benchmark/dup_dataset/alpha=0.8/6-10-54/11204.txt,43,0.391616
0.8,6,10,54,benchmark/dup_dataset/alpha=0.8/6-10-54/11205.txt,42,0.298419
0.8,6,10,54,benchmark/dup_dataset/alpha=0.8/6-10-54/11206.txt,74,0.451323
0.8,6,10,54,benchmark/dup_dataset/alpha=0.8/6-10-54/11207.txt,64,0.37693
0.8,6,10,54,benchmark/dup_dataset/alpha=0.8/6-10-54/11208.txt,61,0.342428
0.8,6,10,54,benchmark/dup_dataset/alpha=0.8/6-10-54/11209.txt,59,0.348636
0.8,6,10,54,benchmark/dup_dataset/alpha=0.8/6-10-54/11210.txt,45,0.286733
0.8,6,10,54,benchmark/dup_dataset/alpha=0.8/6-10-54/11211.txt,32,0.220471
0.8,6,10,54,benchmark/dup_dataset/alpha=0.8/6-10-54/11212.txt,42,0.264919
0.8,6,10,54,benchmark/dup_dataset/alpha=0.8/6-10-54/11213.txt,52,0.30602
0.8,6,10,54,benchmark/dup_dataset/alpha=0.8/6-10-54/11214.txt,50,0.316829
0.8,6,10,54,benchmark/dup_dataset/alpha=0.8/6-10-54/11215.txt,67,0.394384
0.8,6,10,54,benchmark/dup_dataset/alpha=0.8/6-10-54/11216.txt,57,0.336409
0.8,6,10,54,benchmark/dup_dataset/alpha=0.8/6-10-54/11217.txt,41,0.261997
0.8,6,10,54,benchmark/dup_dataset/alpha=0.8/6-10-54/11218.txt,57,0.331542
0.8,6,10,54,benchmark/dup_dataset/alpha=0.8/6-10-54/11219.txt,40,0.255889
0.8,6,10,54,benchmark/dup_dataset/alpha=0.8/6-10-54/11220.txt,52,0.323067
0.8,6,10,54,benchmark/dup_dataset/alpha=0.8/6-10-54/11221.txt,52,0.305443
0.8,6,10,54,benchmark/dup_dataset/alpha=0.8/6-10-54/11222.txt,41,0.253044
0.8,6,10,54,benchmark/dup_dataset/alpha=0.8/6-10-54/11223.txt,56,0.338538
0.8,6,10,54,benchmark/dup_dataset/alpha=0.8/6-10-54/11224.txt,44,0.256329
0.8,6,10,54,benchmark/dup_dataset/alpha=0.8/6-10-54/11225.txt,51,0.298555
0.8,6,10,54,benchmark/dup_dataset/alpha=0.8/6-10-54/11226.txt,49,0.289929
0.8,6,10,54,benchmark/dup_dataset/alpha=0.8/6-10-54/11227.txt,50,0.285515
0.8,6,10,54,benchmark/dup_dataset/alpha=0.8/6-10-54/11228.txt,37,0.237084
0.8,6,10,54,benchmark/dup_dataset/alpha=0.8/6-10-54/11229.txt,58,0.342721
0.8,6,10,54,benchmark/dup_dataset/alpha=0.8/6-10-54/11230.txt,53,0.317755
0.8,6,10,54,benchmark/dup_dataset/alpha=0.8/6-10-54/11231.txt,52,0.301919
0.8,6,10,54,benchmark/dup_dataset/alpha=0.8/6-10-54/11232.txt,53,0.322149
0.8,6,10,54,benchmark/dup_dataset/alpha=0.8/6-10-54/11233.txt,54,0.328052
0.8,6,10,54,benchmark/dup_dataset/alpha=0.8/6-10-54/11234.txt,59,0.352273
0.8,6,10,54,benchmark/dup_dataset/alpha=0.8/6-10-54/11235.txt,59,0.339076
0.8,6,10,54,benchmark/dup_dataset/alpha=0.8/6-10-54/11236.txt,55,0.333418
0.8,6,10,54,benchmark/dup_dataset/alpha=0.8/6-10-54/11237.txt,42,0.260459
0.8,6,10,54,benchmark/dup_dataset/alpha=0.8/6-10-54/11238.txt,48,0.298799
0.8,6,10,54,benchmark/dup_dataset/alpha=0.8/6-10-54/11239.txt,48,0.275573
0.8,6,10,54,benchmark/dup_dataset/alpha=0.8/6-10-54/11240.txt,52,0.308704
0.8,6,10,54,benchmark/dup_dataset/alpha=0.8/6-10-54/11241.txt,65,0.379233
0.8,6,10,54,benchmark/dup_dataset/alpha=0.8/6-10-54/11242.txt,58,0.376094
0.8,6,10,54,benchmark/dup_dataset/alpha=0.8/6-10-54/11243.txt,52,0.349511
0.8,6,10,54,benchmark/dup_dataset/alpha=0.8/6-10-54/11244.txt,58,0.339129
0.8,6,10,54,benchmark/dup_dataset/alpha=0.8/6-10-54/11245.txt,57,0.331623
0.8,6,10,54,benchmark/dup_dataset/alpha=0.8/6-10-54/11246.txt,58,0.338481
0.8,6,10,54,benchmark/dup_dataset/alpha=0.8/6-10-54/11247.txt,39,0.241514
0.8,6,10,54,benchmark/dup_dataset/alpha=0.8/6-10-54/11248.txt,58,0.32212
0.8,6,10,54,benchmark/dup_dataset/alpha=0.8/6-10-54/11249.txt,44,0.282049
0.8,6,10,54,benchmark/dup_dataset/alpha=0.8/6-10-54/11250.txt,50,0.303348
0.8,6,10,54,benchmark/dup_dataset/alpha=0.8/6-10-54/11251.txt,57,0.347654
0.8,6,10,54,benchmark/dup_dataset/alpha=0.8/6-10-54/11252.txt,42,0.265521
0.8,6,10,54,benchmark/dup_dataset/alpha=0.8/6-10-54/11253.txt,46,0.272301
0.8,6,10,54,benchmark/dup_dataset/alpha=0.8/6-10-54/11254.txt,47,0.281889
0.8,6,10,54,benchmark/dup_dataset/alpha=0.8/6-10-54/11255.txt,56,0.337877
0.8,6,10,54,benchmark/dup_dataset/alpha=0.8/6-10-54/11256.txt,54,0.320676
0.8,6,10,54,benchmark/dup_dataset/alpha=0.8/6-10-54/11257.txt,42,0.263464
0.8,6,10,54,benchmark/dup_dataset/alpha=0.8/6-10-54/11258.txt,47,0.290721
0.8,6,10,54,benchmark/dup_dataset/alpha=0.8/6-10-54/11259.txt,42,0.248914
0.8,6,10,54,benchmark/dup_dataset/alpha=0.8/6-10-54/11260.txt,54,0.332584
0.8,6,10,54,benchmark/dup_dataset/alpha=0.8/6-10-54/11261.txt,44,0.274615
0.8,6,10,54,benchmark/dup_dataset/alpha=0.8/6-10-54/11262.txt,46,0.278279
0.8,6,10,54,benchmark/dup_dataset/alpha=0.8/6-10-54/11263.txt,52,0.311513
0.8,6,10,54,benchmark/dup_dataset/alpha=0.8/6-10-54/11264.txt,47,0.30737
0.8,6,10,54,benchmark/dup_dataset/alpha=0.8/6-10-54/11265.txt,54,0.369458
0.8,6,10,54,benchmark/dup_dataset/alpha=0.8/6-10-54/11266.txt,59,0.394227
0.8,6,10,54,benchmark/dup_dataset/alpha=0.8/6-10-54/11267.txt,52,0.360684
0.8,6,10,54,benchmark/dup_dataset/alpha=0.8/6-10-54/11268.txt,51,0.348181
0.8,6,10,54,benchmark/dup_dataset/alpha=0.8/6-10-54/11269.txt,45,0.31502
0.8,6,10,54,benchmark/dup_dataset/alpha=0.8/6-10-54/11270.txt,37,0.263082
0.8,6,10,54,benchmark/dup_dataset/alpha=0.8/6-10-54/11271.txt,33,0.215382
0.8,6,10,54,benchmark/dup_dataset/alpha=0.8/6-10-54/11272.txt,34,0.220894
0.8,6,10,54,benchmark/dup_dataset/alpha=0.8/6-10-54/11273.txt,49,0.279647
0.8,6,10,54,benchmark/dup_dataset/alpha=0.8/6-10-54/11274.txt,61,0.355633
0.8,6,10,54,benchmark/dup_dataset/alpha=0.8/6-10-54/11275.txt,61,0.362368
0.8,6,10,54,benchmark/dup_dataset/alpha=0.8/6-10-54/11276.txt,41,0.254936
0.8,6,10,54,benchmark/dup_dataset/alpha=0.8/6-10-54/11277.txt,65,0.389967
0.8,6,10,54,benchmark/dup_dataset/alpha=0.8/6-10-54/11278.txt,46,0.264098
0.8,6,10,54,benchmark/dup_dataset/alpha=0.8/6-10-54/11279.txt,58,0.342194
0.8,6,10,54,benchmark/dup_dataset/alpha=0.8/6-10-54/11280.txt,39,0.244034
0.8,6,10,54,benchmark/dup_dataset/alpha=0.8/6-10-54/11281.txt,68,0.383803
0.8,6,10,54,benchmark/dup_dataset/alpha=0.8/6-10-54/11282.txt,58,0.335371
0.8,6,10,54,benchmark/dup_dataset/alpha=0.8/6-10-54/11283.txt,47,0.280042
0.8,6,10,54,benchmark/dup_dataset/alpha=0.8/6-10-54/11284.txt,48,0.280022
0.8,6,10,54,benchmark/dup_dataset/alpha=0.8/6-10-54/11285.txt,54,0.324036
0.8,6,10,54,benchmark/dup_dataset/alpha=0.8/6-10-54/11286.txt,53,0.3042
0.8,6,10,54,benchmark/dup_dataset/alpha=0.8/6-10-54/11287.txt,31,0.200265
0.8,6,10,54,benchmark/dup_dataset/alpha=0.8/6-10-54/11288.txt,44,0.260231
0.8,6,10,54,benchmark/dup_dataset/alpha=0.8/6-10-54/11289.txt,53,0.307929
0.8,6,10,54,benchmark/dup_dataset/alpha=0.8/6-10-54/11290.txt,54,0.316601
0.8,6,10,54,benchmark/dup_dataset/alpha=0.8/6-10-54/11291.txt,52,0.299226
0.8,6,10,54,benchmark/dup_dataset/alpha=0.8/6-10-54/11292.txt,51,0.314359
0.8,6,10,54,benchmark/dup_dataset/alpha=0.8/6-10-54/11293.txt,53,0.329357
0.8,6,10,54,benchmark/dup_dataset/alpha=0.8/6-10-54/11294.txt,56,0.342903
0.8,6,10,54,benchmark/dup_dataset/alpha=0.8/6-10-54/11295.txt,50,0.310552
0.8,6,10,54,benchmark/dup_dataset/alpha=0.8/6-10-54/11296.txt,62,0.369151
0.8,6,10,54,benchmark/dup_dataset/alpha=0.8/6-10-54/11297.txt,57,0.339776
0.8,6,10,54,benchmark/dup_dataset/alpha=0.8/6-10-54/11298.txt,48,0.296004
0.8,6,10,54,benchmark/dup_dataset/alpha=0.8/6-10-54/11299.txt,45,0.278349
0.8,6,10,54,benchmark/dup_dataset/alpha=0.8/6-10-54/11300.txt,58,0.331759
0.8,6,10,55,benchmark/dup_dataset/alpha=0.8/6-10-55/11301.txt,53,0.319197
0.8,6,10,55,benchmark/dup_dataset/alpha=0.8/6-10-55/11302.txt,57,0.363404
0.8,6,10,55,benchmark/dup_dataset/alpha=0.8/6-10-55/11303.txt,51,0.327139
0.8,6,10,55,benchmark/dup_dataset/alpha=0.8/6-10-55/11304.txt,51,0.408416
0.8,6,10,55,benchmark/dup_dataset/alpha=0.8/6-10-55/11305.txt,78,0.453521
0.8,6,10,55,benchmark/dup_dataset/alpha=0.8/6-10-55/11306.txt,52,0.332531
0.8,6,10,55,benchmark/dup_dataset/alpha=0.8/6-10-55/11307.txt,55,0.335926
0.8,6,10,55,benchmark/dup_dataset/alpha=0.8/6-10-55/11308.txt,43,0.270914
0.8,6,10,55,benchmark/dup_dataset/alpha=0.8/6-10-55/11309.txt,59,0.365865
0.8,6,10,55,benchmark/dup_dataset/alpha=0.8/6-10-55/11310.txt,48,0.275628
0.8,6,10,55,benchmark/dup_dataset/alpha=0.8/6-10-55/11311.txt,56,0.332726
0.8,6,10,55,benchmark/dup_dataset/alpha=0.8/6-10-55/11312.txt,53,0.323439
0.8,6,10,55,benchmark/dup_dataset/alpha=0.8/6-10-55/11313.txt,63,0.415862
0.8,6,10,55,benchmark/dup_dataset/alpha=0.8/6-10-55/11314.txt,42,0.278525
0.8,6,10,55,benchmark/dup_dataset/alpha=0.8/6-10-55/11315.txt,60,0.349305
0.8,6,10,55,benchmark/dup_dataset/alpha=0.8/6-10-55/11316.txt,54,0.334312
0.8,6,10,55,benchmark/dup_dataset/alpha=0.8/6-10-55/11317.txt,59,0.370828
0.8,6,10,55,benchmark/dup_dataset/alpha=0.8/6-10-55/11318.txt,59,0.348191
0.8,6,10,55,benchmark/dup_dataset/alpha=0.8/6-10-55/11319.txt,39,0.259482
0.8,6,10,55,benchmark/dup_dataset/alpha=0.8/6-10-55/11320.txt,60,0.381933
0.8,6,10,55,benchmark/dup_dataset/alpha=0.8/6-10-55/11321.txt,52,0.328308
0.8,6,10,55,benchmark/dup_dataset/alpha=0.8/6-10-55/11322.txt,44,0.289776
0.8,6,10,55,benchmark/dup_dataset/alpha=0.8/6-10-55/11323.txt,71,0.485598
0.8,6,10,55,benchmark/dup_dataset/alpha=0.8/6-10-55/11324.txt,46,0.344945
0.8,6,10,55,benchmark/dup_dataset/alpha=0.8/6-10-55/11325.txt,55,0.378482
0.8,6,10,55,benchmark/dup_dataset/alpha=0.8/6-10-55/11326.txt,50,0.349772
0.8,6,10,55,benchmark/dup_dataset/alpha=0.8/6-10-55/11327.txt,50,0.355814
0.8,6,10,55,benchmark/dup_dataset/alpha=0.8/6-10-55/11328.txt,69,0.448664
0.8,6,10,55,benchmark/dup_dataset/alpha=0.8/6-10-55/11329.txt,66,0.426243
0.8,6,10,55,benchmark/dup_dataset/alpha=0.8/6-10-55/11330.txt,48,0.337265
0.8,6,10,55,benchmark/dup_dataset/alpha=0.8/6-10-55/11331.txt,55,0.363711
0.8,6,10,55,benchmark/dup_dataset/alpha=0.8/6-10-55/11332.txt,64,0.422541
0.8,6,10,55,benchmark/dup_dataset/alpha=0.8/6-10-55/11333.txt,57,0.375785
0.8,6,10,55,benchmark/dup_dataset/alpha=0.8/6-10-55/11334.txt,57,0.384714
0.8,6,10,55,benchmark/dup_dataset/alpha=0.8/6-10-55/11335.txt,47,0.31972
0.8,6,10,55,benchmark/dup_dataset/alpha=0.8/6-10-55/11336.txt,49,0.334125
0.8,6,10,55,benchmark/dup_dataset/alpha=0.8/6-10-55/11337.txt,47,0.333235
0.8,6,10,55,benchmark/dup_dataset/alpha=0.8/6-10-55/11338.txt,55,0.375862
0.8,6,10,55,benchmark/dup_dataset/alpha=0.8/6-10-55/11339.txt,48,0.34072
0.8,6,10,55,benchmark/dup_dataset/alpha=0.8/6-10-55/11340.txt,52,0.347844
0.8,6,10,55,benchmark/dup_dataset/alpha=0.8/6-10-55/11341.txt,65,0.418783
0.8,6,10,55,benchmark/dup_dataset/alpha=0.8/6-10-55/11342.txt,49,0.297004
0.8,6,10,55,benchmark/dup_dataset/alpha=0.8/6-10-55/11343.txt,42,0.256108
0.8,6,10,55,benchmark/dup_dataset/alpha=0.8/6-10-55/11344.txt,46,0.268777
0.8,6,10,55,benchmark/dup_dataset/alpha=0.8/6-10-55/11345.txt,61,0.390421
0.8,6,10,55,benchmark/dup_dataset/alpha=0.8/6-10-55/11346.txt,58,0.35295
0.8,6,10,55,benchmark/dup_dataset/alpha=0.8/6-10-55/11347.txt,48,0.287392
0.8,6,10,55,benchmark/dup_dataset/alpha=0.8/6-10-55/11348.txt,46,0.31512
0.8,6,10,55,benchmark/dup_dataset/alpha=0.8/6-10-55/11349.txt,28,0.218532
0.8,6,10,55,benchmark/dup_dataset/alpha=0.8/6-10-55/11350.txt,48,0.329853
0.8,6,10,55,benchmark/dup_dataset/alpha=0.8/6-10-55/11351.txt,49,0.338437
0.8,6,10,55,benchmark/dup_dataset/alpha=0.8/6-10-55/11352.txt,41,0.281001
0.8,6,10,55,benchmark/dup_dataset/alpha=0.8/6-10-55/11353.txt,49,0.352185
0.8,6,10,55,benchmark/dup_dataset/alpha=0.8/6-10-55/11354.txt,65,0.440372
0.8,6,10,55,benchmark/dup_dataset/alpha=0.8/6-10-55/11355.txt,50,0.328004
0.8,6,10,55,benchmark/dup_dataset/alpha=0.8/6-10-55/11356.txt,50,0.333744
0.8,6,10,55,benchmark/dup_dataset/alpha=0.8/6-10-55/11357.txt,44,0.319821
0.8,6,10,55,benchmark/dup_dataset/alpha=0.8/6-10-55/11358.txt,84,0.539939
0.8,6,10,55,benchmark/dup_dataset/alpha=0.8/6-10-55/11359.txt,55,0.370575
0.8,6,10,55,benchmark/dup_dataset/alpha=0.8/6-10-55/11360.txt,53,0.371675
0.8,6,10,55,benchmark/dup_dataset/alpha=0.8/6-10-55/11361.txt,44,0.305257
0.8,6,10,55,benchmark/dup_dataset/alpha=0.8/6-10-55/11362.txt,53,0.34727
0.8,6,10,55,benchmark/dup_dataset/alpha=0.8/6-10-55/11363.txt,54,0.341101
0.8,6,10,55,benchmark/dup_dataset/alpha=0.8/6-10-55/11364.txt,48,0.289763
0.8,6,10,55,benchmark/dup_dataset/alpha=0.8/6-10-55/11365.txt,48,0.306348
0.8,6,10,55,benchmark/dup_dataset/alpha=0.8/6-10-55/11366.txt,48,0.33794
0.8,6,10,55,benchmark/dup_dataset/alpha=0.8/6-10-55/11367.txt,58,0.379521
0.8,6,10,55,benchmark/dup_dataset/alpha=0.8/6-10-55/11368.txt,56,0.397807
0.8,6,10,55,benchmark/dup_dataset/alpha=0.8/6-10-55/11369.txt,45,0.315971
0.8,6,10,55,benchmark/dup_dataset/alpha=0.8/6-10-55/11370.txt,51,0.357426
0.8,6,10,55,benchmark/dup_dataset/alpha=0.8/6-10-55/11371.txt,65,0.421945
0.8,6,10,55,benchmark/dup_dataset/alpha=0.8/6-10-55/11372.txt,46,0.319705
0.8,6,10,55,benchmark/dup_dataset/alpha=0.8/6-10-55/11373.txt,54,0.371118
0.8,6,10,55,benchmark/dup_dataset/alpha=0.8/6-10-55/11374.txt,46,0.325683
0.8,6,10,55,benchmark/dup_dataset/alpha=0.8/6-10-55/11375.txt,71,0.413428
0.8,6,10,55,benchmark/dup_dataset/alpha=0.8/6-10-55/11376.txt,73,0.424195
0.8,6,10,55,benchmark/dup_dataset/alpha=0.8/6-10-55/11377.txt,53,0.313423
0.8,6,10,55,benchmark/dup_dataset/alpha=0.8/6-10-55/11378.txt,43,0.259991
0.8,6,10,55,benchmark/dup_dataset/alpha=0.8/6-10-55/11379.txt,63,0.377692
0.8,6,10,55,benchmark/dup_dataset/alpha=0.8/6-10-55/11380.txt,50,0.30176
0.8,6,10,55,benchmark/dup_dataset/alpha=0.8/6-10-55/11381.txt,53,0.357755
0.8,6,10,55,benchmark/dup_dataset/alpha=0.8/6-10-55/11382.txt,60,0.394049
0.8,6,10,55,benchmark/dup_dataset/alpha=0.8/6-10-55/11383.txt,55,0.361836
0.8,6,10,55,benchmark/dup_dataset/alpha=0.8/6-10-55/11384.txt,47,0.327941
0.8,6,10,55,benchmark/dup_dataset/alpha=0.8/6-10-55/11385.txt,68,0.447177
0.8,6,10,55,benchmark/dup_dataset/alpha=0.8/6-10-55/11386.txt,70,0.45016
0.8,6,10,55,benchmark/dup_dataset/alpha=0.8/6-10-55/11387.txt,54,0.3603
0.8,6,10,55,benchmark/dup_dataset/alpha=0.8/6-10-55/11388.txt,52,0.340761
0.8,6,10,55,benchmark/dup_dataset/alpha=0.8/6-10-55/11389.txt,63,0.373339
0.8,6,10,55,benchmark/dup_dataset/alpha=0.8/6-10-55/11390.txt,54,0.325316
0.8,6,10,55,benchmark/dup_dataset/alpha=0.8/6-10-55/11391.txt,47,0.328391
0.8,6,10,55,benchmark/dup_dataset/alpha=0.8/6-10-55/11392.txt,52,0.334231
0.8,6,10,55,benchmark/dup_dataset/alpha=0.8/6-10-55/11393.txt,54,0.353222
0.8,6,10,55,benchmark/dup_dataset/alpha=0.8/6-10-55/11394.txt,63,0.424048
0.8,6,10,55,benchmark/dup_dataset/alpha=0.8/6-10-55/11395.txt,85,0.539256
0.8,6,10,55,benchmark/dup_dataset/alpha=0.8/6-10-55/11396.txt,55,0.381294
0.8,6,10,55,benchmark/dup_dataset/alpha=0.8/6-10-55/11397.txt,45,0.323889
0.8,6,10,55,benchmark/dup_dataset/alpha=0.8/6-10-55/11398.txt,56,0.373302
0.8,6,10,55,benchmark/dup_dataset/alpha=0.8/6-10-55/11399.txt,45,0.324207
0.8,6,10,55,benchmark/dup_dataset/alpha=0.8/6-10-55/11400.txt,58,0.373299
0.8,6,10,56,benchmark/dup_dataset/alpha=0.8/6-10-56/11401.txt,68,0.465726
0.8,6,10,56,benchmark/dup_dataset/alpha=0.8/6-10-56/11402.txt,57,0.398322
0.8,6,10,56,benchmark/dup_dataset/alpha=0.8/6-10-56/11403.txt,41,0.287517
0.8,6,10,56,benchmark/dup_dataset/alpha=0.8/6-10-56/11404.txt,54,0.369601
0.8,6,10,56,benchmark/dup_dataset/alpha=0.8/6-10-56/11405.txt,59,0.403737
0.8,6,10,56,benchmark/dup_dataset/alpha=0.8/6-10-56/11406.txt,49,0.329402
0.8,6,10,56,benchmark/dup_dataset/alpha=0.8/6-10-56/11407.txt,60,0.399387
0.8,6,10,56,benchmark/dup_dataset/alpha=0.8/6-10-56/11408.txt,57,0.383646
0.8,6,10,56,benchmark/dup_dataset/alpha=0.8/6-10-56/11409.txt,59,0.407876
0.8,6,10,56,benchmark/dup_dataset/alpha=0.8/6-10-56/11410.txt,56,0.372623
0.8,6,10,56,benchmark/dup_dataset/alpha=0.8/6-10-56/11411.txt,66,0.395417
0.8,6,10,56,benchmark/dup_dataset/alpha=0.8/6-10-56/11412.txt,62,0.37002
0.8,6,10,56,benchmark/dup_dataset/alpha=0.8/6-10-56/11413.txt,64,0.382541
0.8,6,10,56,benchmark/dup_dataset/alpha=0.8/6-10-56/11414.txt,48,0.288349
0.8,6,10,56,benchmark/dup_dataset/alpha=0.8/6-10-56/11415.txt,49,0.297749
0.8,6,10,56,benchmark/dup_dataset/alpha=0.8/6-10-56/11416.txt,57,0.33143
0.8,6,10,56,benchmark/dup_dataset/alpha=0.8/6-10-56/11417.txt,56,0.357438
0.8,6,10,56,benchmark/dup_dataset/alpha=0.8/6-10-56/11418.txt,59,0.341477
0.8,6,10,56,benchmark/dup_dataset/alpha=0.8/6-10-56/11419.txt,61,0.358613
0.8,6,10,56,benchmark/dup_dataset/alpha=0.8/6-10-56/11420.txt,51,0.309896
0.8,6,10,56,benchmark/dup_dataset/alpha=0.8/6-10-56/11421.txt,57,0.341183
0.8,6,10,56,benchmark/dup_dataset/alpha=0.8/6-10-56/11422.txt,59,0.338542
0.8,6,10,56,benchmark/dup_dataset/alpha=0.8/6-10-56/11423.txt,39,0.260197
0.8,6,10,56,benchmark/dup_dataset/alpha=0.8/6-10-56/11424.txt,63,0.380145
0.8,6,10,56,benchmark/dup_dataset/alpha=0.8/6-10-56/11425.txt,50,0.305717
0.8,6,10,56,benchmark/dup_dataset/alpha=0.8/6-10-56/11426.txt,68,0.400461
0.8,6,10,56,benchmark/dup_dataset/alpha=0.8/6-10-56/11427.txt,52,0.322693
0.8,6,10,56,benchmark/dup_dataset/alpha=0.8/6-10-56/11428.txt,60,0.352958
0.8,6,10,56,benchmark/dup_dataset/alpha=0.8/6-10-56/11429.txt,60,0.362275
0.8,6,10,56,benchmark/dup_dataset/alpha=0.8/6-10-56/11430.txt,48,0.284059
0.8,6,10,56,benchmark/dup_dataset/alpha=0.8/6-10-56/11431.txt,52,0.316352
0.8,6,10,56,benchmark/dup_dataset/alpha=0.8/6-10-56/11432.txt,49,0.291348
0.8,6,10,56,benchmark/dup_dataset/alpha=0.8/6-10-56/11433.txt,65,0.374482
0.8,6,10,56,benchmark/dup_dataset/alpha=0.8/6-10-56/11434.txt,60,0.343874
0.8,6,10,56,benchmark/dup_dataset/alpha=0.8/6-10-56/11435.txt,48,0.283449
0.8,6,10,56,benchmark/dup_dataset/alpha=0.8/6-10-56/11436.txt,70,0.382351
0.8,6,10,56,benchmark/dup_dataset/alpha=0.8/6-10-56/11437.txt,61,0.352086
0.8,6,10,56,benchmark/dup_dataset/alpha=0.8/6-10-56/11438.txt,49,0.299588
0.8,6,10,56,benchmark/dup_dataset/alpha=0.8/6-10-56/11439.txt,55,0.326875
0.8,6,10,56,benchmark/dup_dataset/alpha=0.8/6-10-56/11440.txt,49,0.298677
0.8,6,10,56,benchmark/dup_dataset/alpha=0.8/6-10-56/11441.txt,64,0.379145
0.8,6,10,56,benchmark/dup_dataset/alpha=0.8/6-10-56/11442.txt,51,0.311208
0.8,6,10,56,benchmark/dup_dataset/alpha=0.8/6-10-56/11443.txt,57,0.340606
0.8,6,10,56,benchmark/dup_dataset/alpha=0.8/6-10-56/11444.txt,59,0.346062
0.8,6,10,56,benchmark/dup_dataset/alpha=0.8/6-10-56/11445.txt,57,0.343736
0.8,6,10,56,benchmark/dup_dataset/alpha=0.8/6-10-56/11446.txt,48,0.293753
0.8,6,10,56,benchmark/dup_dataset/alpha=0.8/6-10-56/11447.txt,63,0.36097
0.8,6,10,56,benchmark/dup_dataset/alpha=0.8/6-10-56/11448.txt,49,0.291884
0.8,6,10,56,benchmark/dup_dataset/alpha=0.8/6-10-56/11449.txt,59,0.347991
0.8,6,10,56,benchmark/dup_dataset/alpha=0.8/6-10-56/11450.txt,48,0.270063
0.8,6,10,56,benchmark/dup_dataset/alpha=0.8/6-10-56/11451.txt,65,0.379456
0.8,6,10,56,benchmark/dup_dataset/alpha=0.8/6-10-56/11452.txt,41,0.252125
0.8,6,10,56,benchmark/dup_dataset/alpha=0.8/6-10-56/11453.txt,59,0.35537
0.8,6,10,56,benchmark/dup_dataset/alpha=0.8/6-10-56/11454.txt,53,0.33014
0.8,6,10,56,benchmark/dup_dataset/alpha=0.8/6-10-56/11455.txt,47,0.280985
0.8,6,10,56,benchmark/dup_dataset/alpha=0.8/6-10-56/11456.txt,43,0.256133
0.8,6,10,56,benchmark/dup_dataset/alpha=0.8/6-10-56/11457.txt,40,0.274085
0.8,6,10,56,benchmark/dup_dataset/alpha=0.8/6-10-56/11458.txt,53,0.311832
0.8,6,10,56,benchmark/dup_dataset/alpha=0.8/6-10-56/11459.txt,71,0.413725
0.8,6,10,56,benchmark/dup_dataset/alpha=0.8/6-10-56/11460.txt,63,0.37158
0.8,6,10,56,benchmark/dup_dataset/alpha=0.8/6-10-56/11461.txt,54,0.323048
0.8,6,10,56,benchmark/dup_dataset/alpha=0.8/6-10-56/11462.txt,61,0.354814
0.8,6,10,56,benchmark/dup_dataset/alpha=0.8/6-10-56/11463.txt,51,0.31859
0.8,6,10,56,benchmark/dup_dataset/alpha=0.8/6-10-56/11464.txt,44,0.275357
0.8,6,10,56,benchmark/dup_dataset/alpha=0.8/6-10-56/11465.txt,53,0.334773
0.8,6,10,56,benchmark/dup_dataset/alpha=0.8/6-10-56/11466.txt,53,0.310289
0.8,6,10,56,benchmark/dup_dataset/alpha=0.8/6-10-56/11467.txt,46,0.282259
0.8,6,10,56,benchmark/dup_dataset/alpha=0.8/6-10-56/11468.txt,62,0.362583
0.8,6,10,56,benchmark/dup_dataset/alpha=0.8/6-10-56/11469.txt,78,0.442244
0.8,6,10,56,benchmark/dup_dataset/alpha=0.8/6-10-56/11470.txt,67,0.375133
0.8,6,10,56,benchmark/dup_dataset/alpha=0.8/6-10-56/11471.txt,53,0.350686
0.8,6,10,56,benchmark/dup_dataset/alpha=0.8/6-10-56/11472.txt,56,0.378858
0.8,6,10,56,benchmark/dup_dataset/alpha=0.8/6-10-56/11473.txt,68,0.440271
0.8,6,10,56,benchmark/dup_dataset/alpha=0.8/6-10-56/11474.txt,51,0.305761
0.8,6,10,56,benchmark/dup_dataset/alpha=0.8/6-10-56/11475.txt,51,0.315745
0.8,6,10,56,benchmark/dup_dataset/alpha=0.8/6-10-56/11476.txt,50,0.293239
0.8,6,10,56,benchmark/dup_dataset/alpha=0.8/6-10-56/11477.txt,56,0.332287
0.8,6,10,56,benchmark/dup_dataset/alpha=0.8/6-10-56/11478.txt,63,0.413213
0.8,6,10,56,benchmark/dup_dataset/alpha=0.8/6-10-56/11479.txt,62,0.404233
0.8,6,10,56,benchmark/dup_dataset/alpha=0.8/6-10-56/11480.txt,53,0.368855
0.8,6,10,56,benchmark/dup_dataset/alpha=0.8/6-10-56/11481.txt,53,0.361605
0.8,6,10,56,benchmark/dup_dataset/alpha=0.8/6-10-56/11482.txt,61,0.412724
0.8,6,10,56,benchmark/dup_dataset/alpha=0.8/6-10-56/11483.txt,44,0.305396
0.8,6,10,56,benchmark/dup_dataset/alpha=0.8/6-10-56/11484.txt,53,0.363421
0.8,6,10,56,benchmark/dup_dataset/alpha=0.8/6-10-56/11485.txt,55,0.303619
0.8,6,10,56,benchmark/dup_dataset/alpha=0.8/6-10-56/11486.txt,57,0.339921
0.8,6,10,56,benchmark/dup_dataset/alpha=0.8/6-10-56/11487.txt,50,0.309862
0.8,6,10,56,benchmark/dup_dataset/alpha=0.8/6-10-56/11488.txt,44,0.305945
0.8,6,10,56,benchmark/dup_dataset/alpha=0.8/6-10-56/11489.txt,61,0.402819
0.8,6,10,56,benchmark/dup_dataset/alpha=0.8/6-10-56/11490.txt,61,0.395541
0.8,6,10,56,benchmark/dup_dataset/alpha=0.8/6-10-56/11491.txt,45,0.319922
0.8,6,10,56,benchmark/dup_dataset/alpha=0.8/6-10-56/11492.txt,73,0.476501
0.8,6,10,56,benchmark/dup_dataset/alpha=0.8/6-10-56/11493.txt,48,0.325385
0.8,6,10,56,benchmark/dup_dataset/alpha=0.8/6-10-56/11494.txt,54,0.331089
0.8,6,10,56,benchmark/dup_dataset/alpha=0.8/6-10-56/11495.txt,53,0.31209
0.8,6,10,56,benchmark/dup_dataset/alpha=0.8/6-10-56/11496.txt,68,0.399089
0.8,6,10,56,benchmark/dup_dataset/alpha=0.8/6-10-56/11497.txt,45,0.265338
0.8,6,10,56,benchmark/dup_dataset/alpha=0.8/6-10-56/11498.txt,65,0.433232
0.8,6,10,56,benchmark/dup_dataset/alpha=0.8/6-10-56/11499.txt,56,0.377263
0.8,6,10,56,benchmark/dup_dataset/alpha=0.8/6-10-56/11500.txt,74,0.468838
0.8,6,10,57,benchmark/dup_dataset/alpha=0.8/6-10-57/11501.txt,65,0.400779
0.8,6,10,57,benchmark/dup_dataset/alpha=0.8/6-10-57/11502.txt,68,0.442219
0.8,6,10,57,benchmark/dup_dataset/alpha=0.8/6-10-57/11503.txt,63,0.432353
0.8,6,10,57,benchmark/dup_dataset/alpha=0.8/6-10-57/11504.txt,65,0.432461
0.8,6,10,57,benchmark/dup_dataset/alpha=0.8/6-10-57/11505.txt,69,0.470093
0.8,6,10,57,benchmark/dup_dataset/alpha=0.8/6-10-57/11506.txt,49,0.341148
0.8,6,10,57,benchmark/dup_dataset/alpha=0.8/6-10-57/11507.txt,53,0.364528
0.8,6,10,57,benchmark/dup_dataset/alpha=0.8/6-10-57/11508.txt,59,0.384222
0.8,6,10,57,benchmark/dup_dataset/alpha=0.8/6-10-57/11509.txt,63,0.397373
0.8,6,10,57,benchmark/dup_dataset/alpha=0.8/6-10-57/11510.txt,55,0.350795
0.8,6,10,57,benchmark/dup_dataset/alpha=0.8/6-10-57/11511.txt,44,0.287853
0.8,6,10,57,benchmark/dup_dataset/alpha=0.8/6-10-57/11512.txt,60,0.372498
0.8,6,10,57,benchmark/dup_dataset/alpha=0.8/6-10-57/11513.txt,64,0.388436
0.8,6,10,57,benchmark/dup_dataset/alpha=0.8/6-10-57/11514.txt,58,0.346231
0.8,6,10,57,benchmark/dup_dataset/alpha=0.8/6-10-57/11515.txt,53,0.316866
0.8,6,10,57,benchmark/dup_dataset/alpha=0.8/6-10-57/11516.txt,63,0.358668
0.8,6,10,57,benchmark/dup_dataset/alpha=0.8/6-10-57/11517.txt,52,0.310276
0.8,6,10,57,benchmark/dup_dataset/alpha=0.8/6-10-57/11518.txt,67,0.39025
0.8,6,10,57,benchmark/dup_dataset/alpha=0.8/6-10-57/11519.txt,61,0.382278
0.8,6,10,57,benchmark/dup_dataset/alpha=0.8/6-10-57/11520.txt,3,0.017686
0.8,6,10,57,benchmark/dup_dataset/alpha=0.8/6-10-57/11521.txt,67,0.407705
0.8,6,10,57,benchmark/dup_dataset/alpha=0.8/6-10-57/11522.txt,53,0.334572
0.8,6,10,57,benchmark/dup_dataset/alpha=0.8/6-10-57/11523.txt,60,0.3687
0.8,6,10,57,benchmark/dup_dataset/alpha=0.8/6-10-57/11524.txt,64,0.388691
0.8,6,10,57,benchmark/dup_dataset/alpha=0.8/6-10-57/11525.txt,57,0.351835
0.8,6,10,57,benchmark/dup_dataset/alpha=0.8/6-10-57/11526.txt,61,0.352184
0.8,6,10,57,benchmark/dup_dataset/alpha=0.8/6-10-57/11527.txt,52,0.326314
0.8,6,10,57,benchmark/dup_dataset/alpha=0.8/6-10-57/11528.txt,34,0.239386
0.8,6,10,57,benchmark/dup_dataset/alpha=0.8/6-10-57/11529.txt,55,0.330629
0.8,6,10,57,benchmark/dup_dataset/alpha=0.8/6-10-57/11530.txt,62,0.359706
0.8,6,10,57,benchmark/dup_dataset/alpha=0.8/6-10-57/11531.txt,50,0.333192
0.8,6,10,57,benchmark/dup_dataset/alpha=0.8/6-10-57/11532.txt,1,0.010205
0.8,6,10,57,benchmark/dup_dataset/alpha=0.8/6-10-57/11533.txt,56,0.348298
0.8,6,10,57,benchmark/dup_dataset/alpha=0.8/6-10-57/11534.txt,44,0.279531
0.8,6,10,57,benchmark/dup_dataset/alpha=0.8/6-10-57/11535.txt,54,0.349323
0.8,6,10,57,benchmark/dup_dataset/alpha=0.8/6-10-57/11536.txt,61,0.358029
0.8,6,10,57,benchmark/dup_dataset/alpha=0.8/6-10-57/11537.txt,53,0.325633
0.8,6,10,57,benchmark/dup_dataset/alpha=0.8/6-10-57/11538.txt,4,0.021339
0.8,6,10,57,benchmark/dup_dataset/alpha=0.8/6-10-57/11539.txt,51,0.32252
0.8,6,10,57,benchmark/dup_dataset/alpha=0.8/6-10-57/11540.txt,53,0.343775
0.8,6,10,57,benchmark/dup_dataset/alpha=0.8/6-10-57/11541.txt,48,0.304419
0.8,6,10,57,benchmark/dup_dataset/alpha=0.8/6-10-57/11542.txt,62,0.359575
0.8,6,10,57,benchmark/dup_dataset/alpha=0.8/6-10-57/11543.txt,65,0.383378
0.8,6,10,57,benchmark/dup_dataset/alpha=0.8/6-10-57/11544.txt,60,0.3656
0.8,6,10,57,benchmark/dup_dataset/alpha=0.8/6-10-57/11545.txt,4,0.021179
0.8,6,10,57,benchmark/dup_dataset/alpha=0.8/6-10-57/11546.txt,50,0.305117
0.8,6,10,57,benchmark/dup_dataset/alpha=0.8/6-10-57/11547.txt,70,0.426304
0.8,6,10,57,benchmark/dup_dataset/alpha=0.8/6-10-57/11548.txt,53,0.31647
0.8,6,10,57,benchmark/dup_dataset/alpha=0.8/6-10-57/11549.txt,57,0.350222
0.8,6,10,57,benchmark/dup_dataset/alpha=0.8/6-10-57/11550.txt,59,0.368091
0.8,6,10,57,benchmark/dup_dataset/alpha=0.8/6-10-57/11551.txt,60,0.378958
0.8,6,10,57,benchmark/dup_dataset/alpha=0.8/6-10-57/11552.txt,49,0.300855
0.8,6,10,57,benchmark/dup_dataset/alpha=0.8/6-10-57/11553.txt,51,0.311712
0.8,6,10,57,benchmark/dup_dataset/alpha=0.8/6-10-57/11554.txt,6,0.033307
0.8,6,10,57,benchmark/dup_dataset/alpha=0.8/6-10-57/11555.txt,3,0.02124
0.8,6,10,57,benchmark/dup_dataset/alpha=0.8/6-10-57/11556.txt,55,0.340826
0.8,6,10,57,benchmark/dup_dataset/alpha=0.8/6-10-57/11557.txt,4,0.021278
0.8,6,10,57,benchmark/dup_dataset/alpha=0.8/6-10-57/11558.txt,50,0.310938
0.8,6,10,57,benchmark/dup_dataset/alpha=0.8/6-10-57/11559.txt,45,0.275281
0.8,6,10,57,benchmark/dup_dataset/alpha=0.8/6-10-57/11560.txt,48,0.297603
0.8,6,10,57,benchmark/dup_dataset/alpha=0.8/6-10-57/11561.txt,71,0.404107
0.8,6,10,57,benchmark/dup_dataset/alpha=0.8/6-10-57/11562.txt,64,0.372274
0.8,6,10,57,benchmark/dup_dataset/alpha=0.8/6-10-57/11563.txt,71,0.431815
0.8,6,10,57,benchmark/dup_dataset/alpha=0.8/6-10-57/11564.txt,55,0.348364
0.8,6,10,57,benchmark/dup_dataset/alpha=0.8/6-10-57/11565.txt,52,0.307859
0.8,6,10,57,benchmark/dup_dataset/alpha=0.8/6-10-57/11566.txt,59,0.353405
0.8,6,10,57,benchmark/dup_dataset/alpha=0.8/6-10-57/11567.txt,53,0.324091
0.8,6,10,57,benchmark/dup_dataset/alpha=0.8/6-10-57/11568.txt,66,0.388561
0.8,6,10,57,benchmark/dup_dataset/alpha=0.8/6-10-57/11569.txt,46,0.286953
0.8,6,10,57,benchmark/dup_dataset/alpha=0.8/6-10-57/11570.txt,55,0.339553
0.8,6,10,57,benchmark/dup_dataset/alpha=0.8/6-10-57/11571.txt,50,0.310603
0.8,6,10,57,benchmark/dup_dataset/alpha=0.8/6-10-57/11572.txt,55,0.333581
0.8,6,10,57,benchmark/dup_dataset/alpha=0.8/6-10-57/11573.txt,59,0.371514
0.8,6,10,57,benchmark/dup_dataset/alpha=0.8/6-10-57/11574.txt,61,0.371879
0.8,6,10,57,benchmark/dup_dataset/alpha=0.8/6-10-57/11575.txt,54,0.319626
0.8,6,10,57,benchmark/dup_dataset/alpha=0.8/6-10-57/11576.txt,59,0.356742
0.8,6,10,57,benchmark/dup_dataset/alpha=0.8/6-10-57/11577.txt,63,0.391252
0.8,6,10,57,benchmark/dup_dataset/alpha=0.8/6-10-57/11578.txt,60,0.357131
0.8,6,10,57,benchmark/dup_dataset/alpha=0.8/6-10-57/11579.txt,63,0.387668
0.8,6,10,57,benchmark/dup_dataset/alpha=0.8/6-10-57/11580.txt,56,0.351782
0.8,6,10,57,benchmark/dup_dataset/alpha=0.8/6-10-57/11581.txt,68,0.394885
0.8,6,10,57,benchmark/dup_dataset/alpha=0.8/6-10-57/11582.txt,49,0.313879
0.8,6,10,57,benchmark/dup_dataset/alpha=0.8/6-10-57/11583.txt,69,0.42202
0.8,6,10,57,benchmark/dup_dataset/alpha=0.8/6-10-57/11584.txt,70,0.419312
0.8,6,10,57,benchmark/dup_dataset/alpha=0.8/6-10-57/11585.txt,63,0.363935
0.8,6,10,57,benchmark/dup_dataset/alpha=0.8/6-10-57/11586.txt,41,0.260638
0.8,6,10,57,benchmark/dup_dataset/alpha=0.8/6-10-57/11587.txt,52,0.32627
0.8,6,10,57,benchmark/dup_dataset/alpha=0.8/6-10-57/11588.txt,57,0.34789
0.8,6,10,57,benchmark/dup_dataset/alpha=0.8/6-10-57/11589.txt,3,0.017346
0.8,6,10,57,benchmark/dup_dataset/alpha=0.8/6-10-57/11590.txt,69,0.411955
0.8,6,10,57,benchmark/dup_dataset/alpha=0.8/6-10-57/11591.txt,65,0.399541
0.8,6,10,57,benchmark/dup_dataset/alpha=0.8/6-10-57/11592.txt,61,0.356569
0.8,6,10,57,benchmark/dup_dataset/alpha=0.8/6-10-57/11593.txt,57,0.33196
0.8,6,10,57,benchmark/dup_dataset/alpha=0.8/6-10-57/11594.txt,60,0.365789
0.8,6,10,57,benchmark/dup_dataset/alpha=0.8/6-10-57/11595.txt,55,0.326766
0.8,6,10,57,benchmark/dup_dataset/alpha=0.8/6-10-57/11596.txt,64,0.379403
0.8,6,10,57,benchmark/dup_dataset/alpha=0.8/6-10-57/11597.txt,55,0.354595
0.8,6,10,57,benchmark/dup_dataset/alpha=0.8/6-10-57/11598.txt,4,0.021408
0.8,6,10,57,benchmark/dup_dataset/alpha=0.8/6-10-57/11599.txt,45,0.270018
0.8,6,10,57,benchmark/dup_dataset/alpha=0.8/6-10-57/11600.txt,64,0.374875
0.8,6,10,58,benchmark/dup_dataset/alpha=0.8/6-10-58/11601.txt,54,0.330409
0.8,6,10,58,benchmark/dup_dataset/alpha=0.8/6-10-58/11602.txt,57,0.344087
0.8,6,10,58,benchmark/dup_dataset/alpha=0.8/6-10-58/11603.txt,75,0.440415
0.8,6,10,58,benchmark/dup_dataset/alpha=0.8/6-10-58/11604.txt,62,0.362985
0.8,6,10,58,benchmark/dup_dataset/alpha=0.8/6-10-58/11605.txt,54,0.330069
0.8,6,10,58,benchmark/dup_dataset/alpha=0.8/6-10-58/11606.txt,57,0.351559
0.8,6,10,58,benchmark/dup_dataset/alpha=0.8/6-10-58/11607.txt,57,0.353893
0.8,6,10,58,benchmark/dup_dataset/alpha=0.8/6-10-58/11608.txt,64,0.38918
0.8,6,10,58,benchmark/dup_dataset/alpha=0.8/6-10-58/11609.txt,54,0.341026
0.8,6,10,58,benchmark/dup_dataset/alpha=0.8/6-10-58/11610.txt,4,0.021505
0.8,6,10,58,benchmark/dup_dataset/alpha=0.8/6-10-58/11611.txt,2,0.013949
0.8,6,10,58,benchmark/dup_dataset/alpha=0.8/6-10-58/11612.txt,52,0.316864
0.8,6,10,58,benchmark/dup_dataset/alpha=0.8/6-10-58/11613.txt,2,0.013243
0.8,6,10,58,benchmark/dup_dataset/alpha=0.8/6-10-58/11614.txt,70,0.400645
0.8,6,10,58,benchmark/dup_dataset/alpha=0.8/6-10-58/11615.txt,2,0.013273
0.8,6,10,58,benchmark/dup_dataset/alpha=0.8/6-10-58/11616.txt,2,0.013009
0.8,6,10,58,benchmark/dup_dataset/alpha=0.8/6-10-58/11617.txt,7,0.041471
0.8,6,10,58,benchmark/dup_dataset/alpha=0.8/6-10-58/11618.txt,57,0.337886
0.8,6,10,58,benchmark/dup_dataset/alpha=0.8/6-10-58/11619.txt,54,0.328059
0.8,6,10,58,benchmark/dup_dataset/alpha=0.8/6-10-58/11620.txt,49,0.302377
0.8,6,10,58,benchmark/dup_dataset/alpha=0.8/6-10-58/11621.txt,6,0.037148
0.8,6,10,58,benchmark/dup_dataset/alpha=0.8/6-10-58/11622.txt,55,0.33385
0.8,6,10,58,benchmark/dup_dataset/alpha=0.8/6-10-58/11623.txt,64,0.377415
0.8,6,10,58,benchmark/dup_dataset/alpha=0.8/6-10-58/11624.txt,58,0.343899
0.8,6,10,58,benchmark/dup_dataset/alpha=0.8/6-10-58/11625.txt,56,0.340342
0.8,6,10,58,benchmark/dup_dataset/alpha=0.8/6-10-58/11626.txt,64,0.385925
0.8,6,10,58,benchmark/dup_dataset/alpha=0.8/6-10-58/11627.txt,60,0.381756
0.8,6,10,58,benchmark/dup_dataset/alpha=0.8/6-10-58/11628.txt,79,0.458206
0.8,6,10,58,benchmark/dup_dataset/alpha=0.8/6-10-58/11629.txt,51,0.312772
0.8,6,10,58,benchmark/dup_dataset/alpha=0.8/6-10-58/11630.txt,62,0.364483
0.8,6,10,58,benchmark/dup_dataset/alpha=0.8/6-10-58/11631.txt,50,0.301009
0.8,6,10,58,benchmark/dup_dataset/alpha=0.8/6-10-58/11632.txt,51,0.30441
0.8,6,10,58,benchmark/dup_dataset/alpha=0.8/6-10-58/11633.txt,3,0.017603
0.8,6,10,58,benchmark/dup_dataset/alpha=0.8/6-10-58/11634.txt,66,0.397073
0.8,6,10,58,benchmark/dup_dataset/alpha=0.8/6-10-58/11635.txt,67,0.398297
0.8,6,10,58,benchmark/dup_dataset/alpha=0.8/6-10-58/11636.txt,3,0.020115
0.8,6,10,58,benchmark/dup_dataset/alpha=0.8/6-10-58/11637.txt,63,0.393107
0.8,6,10,58,benchmark/dup_dataset/alpha=0.8/6-10-58/11638.txt,5,0.029475
0.8,6,10,58,benchmark/dup_dataset/alpha=0.8/6-10-58/11639.txt,61,0.362796
0.8,6,10,58,benchmark/dup_dataset/alpha=0.8/6-10-58/11640.txt,42,0.283071
0.8,6,10,58,benchmark/dup_dataset/alpha=0.8/6-10-58/11641.txt,57,0.351621
0.8,6,10,58,benchmark/dup_dataset/alpha=0.8/6-10-58/11642.txt,72,0.419049
0.8,6,10,58,benchmark/dup_dataset/alpha=0.8/6-10-58/11643.txt,68,0.381928
0.8,6,10,58,benchmark/dup_dataset/alpha=0.8/6-10-58/11644.txt,75,0.429684
0.8,6,10,58,benchmark/dup_dataset/alpha=0.8/6-10-58/11645.txt,53,0.320603
0.8,6,10,58,benchmark/dup_dataset/alpha=0.8/6-10-58/11646.txt,60,0.350453
0.8,6,10,58,benchmark/dup_dataset/alpha=0.8/6-10-58/11647.txt,4,0.021191
0.8,6,10,58,benchmark/dup_dataset/alpha=0.8/6-10-58/11648.txt,58,0.348683
0.8,6,10,58,benchmark/dup_dataset/alpha=0.8/6-10-58/11649.txt,5,0.029489
0.8,6,10,58,benchmark/dup_dataset/alpha=0.8/6-10-58/11650.txt,64,0.377427
0.8,6,10,58,benchmark/dup_dataset/alpha=0.8/6-10-58/11651.txt,3,0.017615
0.8,6,10,58,benchmark/dup_dataset/alpha=0.8/6-10-58/11652.txt,51,0.321223
0.8,6,10,58,benchmark/dup_dataset/alpha=0.8/6-10-58/11653.txt,62,0.38283
0.8,6,10,58,benchmark/dup_dataset/alpha=0.8/6-10-58/11654.txt,7,0.041568
0.8,6,10,58,benchmark/dup_dataset/alpha=0.8/6-10-58/11655.txt,56,0.354369
0.8,6,10,58,benchmark/dup_dataset/alpha=0.8/6-10-58/11656.txt,60,0.358313
0.8,6,10,58,benchmark/dup_dataset/alpha=0.8/6-10-58/11657.txt,62,0.38049
0.8,6,10,58,benchmark/dup_dataset/alpha=0.8/6-10-58/11658.txt,57,0.349046
0.8,6,10,58,benchmark/dup_dataset/alpha=0.8/6-10-58/11659.txt,2,0.012983
0.8,6,10,58,benchmark/dup_dataset/alpha=0.8/6-10-58/11660.txt,64,0.389768
0.8,6,10,58,benchmark/dup_dataset/alpha=0.8/6-10-58/11661.txt,56,0.34148
0.8,6,10,58,benchmark/dup_dataset/alpha=0.8/6-10-58/11662.txt,64,0.38023
0.8,6,10,58,benchmark/dup_dataset/alpha=0.8/6-10-58/11663.txt,52,0.323264
0.8,6,10,58,benchmark/dup_dataset/alpha=0.8/6-10-58/11664.txt,54,0.336946
0.8,6,10,58,benchmark/dup_dataset/alpha=0.8/6-10-58/11665.txt,2,0.013074
0.8,6,10,58,benchmark/dup_dataset/alpha=0.8/6-10-58/11666.txt,57,0.346525
0.8,6,10,58,benchmark/dup_dataset/alpha=0.8/6-10-58/11667.txt,6,0.033991
0.8,6,10,58,benchmark/dup_dataset/alpha=0.8/6-10-58/11668.txt,50,0.312579
0.8,6,10,58,benchmark/dup_dataset/alpha=0.8/6-10-58/11669.txt,58,0.347273
0.8,6,10,58,benchmark/dup_dataset/alpha=0.8/6-10-58/11670.txt,52,0.336443
0.8,6,10,58,benchmark/dup_dataset/alpha=0.8/6-10-58/11671.txt,56,0.355005
0.8,6,10,58,benchmark/dup_dataset/alpha=0.8/6-10-58/11672.txt,67,0.399237
0.8,6,10,58,benchmark/dup_dataset/alpha=0.8/6-10-58/11673.txt,43,0.279599
0.8,6,10,58,benchmark/dup_dataset/alpha=0.8/6-10-58/11674.txt,58,0.356855
0.8,6,10,58,benchmark/dup_dataset/alpha=0.8/6-10-58/11675.txt,67,0.389526
0.8,6,10,58,benchmark/dup_dataset/alpha=0.8/6-10-58/11676.txt,71,0.417632
0.8,6,10,58,benchmark/dup_dataset/alpha=0.8/6-10-58/11677.txt,56,0.355621
0.8,6,10,58,benchmark/dup_dataset/alpha=0.8/6-10-58/11678.txt,54,0.317864
0.8,6,10,58,benchmark/dup_dataset/alpha=0.8/6-10-58/11679.txt,64,0.395987
0.8,6,10,58,benchmark/dup_dataset/alpha=0.8/6-10-58/11680.txt,51,0.316627
0.8,6,10,58,benchmark/dup_dataset/alpha=0.8/6-10-58/11681.txt,57,0.339707
0.8,6,10,58,benchmark/dup_dataset/alpha=0.8/6-10-58/11682.txt,61,0.377065
0.8,6,10,58,benchmark/dup_dataset/alpha=0.8/6-10-58/11683.txt,47,0.299594
0.8,6,10,58,benchmark/dup_dataset/alpha=0.8/6-10-58/11684.txt,51,0.313483
0.8,6,10,58,benchmark/dup_dataset/alpha=0.8/6-10-58/11685.txt,64,0.386878
0.8,6,10,58,benchmark/dup_dataset/alpha=0.8/6-10-58/11686.txt,55,0.324099
0.8,6,10,58,benchmark/dup_dataset/alpha=0.8/6-10-58/11687.txt,70,0.401208
0.8,6,10,58,benchmark/dup_dataset/alpha=0.8/6-10-58/11688.txt,75,0.424944
0.8,6,10,58,benchmark/dup_dataset/alpha=0.8/6-10-58/11689.txt,57,0.322553
0.8,6,10,58,benchmark/dup_dataset/alpha=0.8/6-10-58/11690.txt,50,0.292677
0.8,6,10,58,benchmark/dup_dataset/alpha=0.8/6-10-58/11691.txt,54,0.319731
0.8,6,10,58,benchmark/dup_dataset/alpha=0.8/6-10-58/11692.txt,57,0.331487
0.8,6,10,58,benchmark/dup_dataset/alpha=0.8/6-10-58/11693.txt,59,0.350052
0.8,6,10,58,benchmark/dup_dataset/alpha=0.8/6-10-58/11694.txt,58,0.348192
0.8,6,10,58,benchmark/dup_dataset/alpha=0.8/6-10-58/11695.txt,7,0.037306
0.8,6,10,58,benchmark/dup_dataset/alpha=0.8/6-10-58/11696.txt,3,0.017109
0.8,6,10,58,benchmark/dup_dataset/alpha=0.8/6-10-58/11697.txt,4,0.029064
0.8,6,10,58,benchmark/dup_dataset/alpha=0.8/6-10-58/11698.txt,47,0.290211
0.8,6,10,58,benchmark/dup_dataset/alpha=0.8/6-10-58/11699.txt,60,0.359076
0.8,6,10,58,benchmark/dup_dataset/alpha=0.8/6-10-58/11700.txt,48,0.302552
0.8,6,10,59,benchmark/dup_dataset/alpha=0.8/6-10-59/11701.txt,56,0.343012
0.8,6,10,59,benchmark/dup_dataset/alpha=0.8/6-10-59/11702.txt,55,0.335123
0.8,6,10,59,benchmark/dup_dataset/alpha=0.8/6-10-59/11703.txt,61,0.353709
0.8,6,10,59,benchmark/dup_dataset/alpha=0.8/6-10-59/11704.txt,48,0.289519
0.8,6,10,59,benchmark/dup_dataset/alpha=0.8/6-10-59/11705.txt,55,0.324206
0.8,6,10,59,benchmark/dup_dataset/alpha=0.8/6-10-59/11706.txt,3,0.021507
0.8,6,10,59,benchmark/dup_dataset/alpha=0.8/6-10-59/11707.txt,58,0.341149
0.8,6,10,59,benchmark/dup_dataset/alpha=0.8/6-10-59/11708.txt,65,0.38615
0.8,6,10,59,benchmark/dup_dataset/alpha=0.8/6-10-59/11709.txt,4,0.025324
0.8,6,10,59,benchmark/dup_dataset/alpha=0.8/6-10-59/11710.txt,54,0.326765
0.8,6,10,59,benchmark/dup_dataset/alpha=0.8/6-10-59/11711.txt,57,0.353438
0.8,6,10,59,benchmark/dup_dataset/alpha=0.8/6-10-59/11712.txt,61,0.361159
0.8,6,10,59,benchmark/dup_dataset/alpha=0.8/6-10-59/11713.txt,66,0.378565
0.8,6,10,59,benchmark/dup_dataset/alpha=0.8/6-10-59/11714.txt,4,0.030092
0.8,6,10,59,benchmark/dup_dataset/alpha=0.8/6-10-59/11715.txt,70,0.404439
0.8,6,10,59,benchmark/dup_dataset/alpha=0.8/6-10-59/11716.txt,50,0.321152
0.8,6,10,59,benchmark/dup_dataset/alpha=0.8/6-10-59/11717.txt,69,0.419044
0.8,6,10,59,benchmark/dup_dataset/alpha=0.8/6-10-59/11718.txt,56,0.338951
0.8,6,10,59,benchmark/dup_dataset/alpha=0.8/6-10-59/11719.txt,8,0.049438
0.8,6,10,59,benchmark/dup_dataset/alpha=0.8/6-10-59/11720.txt,54,0.329915
0.8,6,10,59,benchmark/dup_dataset/alpha=0.8/6-10-59/11721.txt,49,0.287196
0.8,6,10,59,benchmark/dup_dataset/alpha=0.8/6-10-59/11722.txt,4,0.021231
0.8,6,10,59,benchmark/dup_dataset/alpha=0.8/6-10-59/11723.txt,5,0.029103
0.8,6,10,59,benchmark/dup_dataset/alpha=0.8/6-10-59/11724.txt,2,0.013042
0.8,6,10,59,benchmark/dup_dataset/alpha=0.8/6-10-59/11725.txt,62,0.367592
0.8,6,10,59,benchmark/dup_dataset/alpha=0.8/6-10-59/11726.txt,55,0.330865
0.8,6,10,59,benchmark/dup_dataset/alpha=0.8/6-10-59/11727.txt,51,0.318203
0.8,6,10,59,benchmark/dup_dataset/alpha=0.8/6-10-59/11728.txt,68,0.390582
0.8,6,10,59,benchmark/dup_dataset/alpha=0.8/6-10-59/11729.txt,71,0.405515
0.8,6,10,59,benchmark/dup_dataset/alpha=0.8/6-10-59/11730.txt,62,0.358692
0.8,6,10,59,benchmark/dup_dataset/alpha=0.8/6-10-59/11731.txt,63,0.363108
0.8,6,10,59,benchmark/dup_dataset/alpha=0.8/6-10-59/11732.txt,49,0.306754
0.8,6,10,59,benchmark/dup_dataset/alpha=0.8/6-10-59/11733.txt,72,0.404246
0.8,6,10,59,benchmark/dup_dataset/alpha=0.8/6-10-59/11734.txt,46,0.287491
0.8,6,10,59,benchmark/dup_dataset/alpha=0.8/6-10-59/11735.txt,62,0.36711
0.8,6,10,59,benchmark/dup_dataset/alpha=0.8/6-10-59/11736.txt,63,0.381054
0.8,6,10,59,benchmark/dup_dataset/alpha=0.8/6-10-59/11737.txt,47,0.282772
0.8,6,10,59,benchmark/dup_dataset/alpha=0.8/6-10-59/11738.txt,62,0.358962
0.8,6,10,59,benchmark/dup_dataset/alpha=0.8/6-10-59/11739.txt,57,0.357292
0.8,6,10,59,benchmark/dup_dataset/alpha=0.8/6-10-59/11740.txt,69,0.401888
0.8,6,10,59,benchmark/dup_dataset/alpha=0.8/6-10-59/11741.txt,56,0.332576
0.8,6,10,59,benchmark/dup_dataset/alpha=0.8/6-10-59/11742.txt,61,0.354943
0.8,6,10,59,benchmark/dup_dataset/alpha=0.8/6-10-59/11743.txt,63,0.374295
0.8,6,10,59,benchmark/dup_dataset/alpha=0.8/6-10-59/11744.txt,52,0.316091
0.8,6,10,59,benchmark/dup_dataset/alpha=0.8/6-10-59/11745.txt,76,0.424131
0.8,6,10,59,benchmark/dup_dataset/alpha=0.8/6-10-59/11746.txt,54,0.3208
0.8,6,10,59,benchmark/dup_dataset/alpha=0.8/6-10-59/11747.txt,8,0.049555
0.8,6,10,59,benchmark/dup_dataset/alpha=0.8/6-10-59/11748.txt,59,0.347555
0.8,6,10,59,benchmark/dup_dataset/alpha=0.8/6-10-59/11749.txt,55,0.34895
0.8,6,10,59,benchmark/dup_dataset/alpha=0.8/6-10-59/11750.txt,64,0.382887
0.8,6,10,59,benchmark/dup_dataset/alpha=0.8/6-10-59/11751.txt,68,0.397627
0.8,6,10,59,benchmark/dup_dataset/alpha=0.8/6-10-59/11752.txt,57,0.342995
0.8,6,10,59,benchmark/dup_dataset/alpha=0.8/6-10-59/11753.txt,51,0.299084
0.8,6,10,59,benchmark/dup_dataset/alpha=0.8/6-10-59/11754.txt,3,0.020917
0.8,6,10,59,benchmark/dup_dataset/alpha=0.8/6-10-59/11755.txt,65,0.38078
0.8,6,10,59,benchmark/dup_dataset/alpha=0.8/6-10-59/11756.txt,61,0.461394
0.8,6,10,59,benchmark/dup_dataset/alpha=0.8/6-10-59/11757.txt,64,0.384061
0.8,6,10,59,benchmark/dup_dataset/alpha=0.8/6-10-59/11758.txt,5,0.029132
0.8,6,10,59,benchmark/dup_dataset/alpha=0.8/6-10-59/11759.txt,72,0.419867
0.8,6,10,59,benchmark/dup_dataset/alpha=0.8/6-10-59/11760.txt,2,0.017361
0.8,6,10,59,benchmark/dup_dataset/alpha=0.8/6-10-59/11761.txt,66,0.365892
0.8,6,10,59,benchmark/dup_dataset/alpha=0.8/6-10-59/11762.txt,1,0.009161
0.8,6,10,59,benchmark/dup_dataset/alpha=0.8/6-10-59/11763.txt,51,0.310244
0.8,6,10,59,benchmark/dup_dataset/alpha=0.8/6-10-59/11764.txt,70,0.408742
0.8,6,10,59,benchmark/dup_dataset/alpha=0.8/6-10-59/11765.txt,3,0.017399
0.8,6,10,59,benchmark/dup_dataset/alpha=0.8/6-10-59/11766.txt,61,0.364429
0.8,6,10,59,benchmark/dup_dataset/alpha=0.8/6-10-59/11767.txt,3,0.021101
0.8,6,10,59,benchmark/dup_dataset/alpha=0.8/6-10-59/11768.txt,5,0.029385
0.8,6,10,59,benchmark/dup_dataset/alpha=0.8/6-10-59/11769.txt,3,0.021177
0.8,6,10,59,benchmark/dup_dataset/alpha=0.8/6-10-59/11770.txt,52,0.313761
0.8,6,10,59,benchmark/dup_dataset/alpha=0.8/6-10-59/11771.txt,6,0.037108
0.8,6,10,59,benchmark/dup_dataset/alpha=0.8/6-10-59/11772.txt,55,0.315874
0.8,6,10,59,benchmark/dup_dataset/alpha=0.8/6-10-59/11773.txt,46,0.289226
0.8,6,10,59,benchmark/dup_dataset/alpha=0.8/6-10-59/11774.txt,47,0.267461
0.8,6,10,59,benchmark/dup_dataset/alpha=0.8/6-10-59/11775.txt,70,0.393682
0.8,6,10,59,benchmark/dup_dataset/alpha=0.8/6-10-59/11776.txt,43,0.276306
0.8,6,10,59,benchmark/dup_dataset/alpha=0.8/6-10-59/11777.txt,73,0.419252
0.8,6,10,59,benchmark/dup_dataset/alpha=0.8/6-10-59/11778.txt,65,0.400518
0.8,6,10,59,benchmark/dup_dataset/alpha=0.8/6-10-59/11779.txt,47,0.284036
0.8,6,10,59,benchmark/dup_dataset/alpha=0.8/6-10-59/11780.txt,57,0.347941
0.8,6,10,59,benchmark/dup_dataset/alpha=0.8/6-10-59/11781.txt,54,0.335631
0.8,6,10,59,benchmark/dup_dataset/alpha=0.8/6-10-59/11782.txt,59,0.344943
0.8,6,10,59,benchmark/dup_dataset/alpha=0.8/6-10-59/11783.txt,4,0.021984
0.8,6,10,59,benchmark/dup_dataset/alpha=0.8/6-10-59/11784.txt,66,0.394341
0.8,6,10,59,benchmark/dup_dataset/alpha=0.8/6-10-59/11785.txt,64,0.377756
0.8,6,10,59,benchmark/dup_dataset/alpha=0.8/6-10-59/11786.txt,61,0.353474
0.8,6,10,59,benchmark/dup_dataset/alpha=0.8/6-10-59/11787.txt,57,0.340408
0.8,6,10,59,benchmark/dup_dataset/alpha=0.8/6-10-59/11788.txt,3,0.017491
0.8,6,10,59,benchmark/dup_dataset/alpha=0.8/6-10-59/11789.txt,53,0.325499
0.8,6,10,59,benchmark/dup_dataset/alpha=0.8/6-10-59/11790.txt,68,0.415492
0.8,6,10,59,benchmark/dup_dataset/alpha=0.8/6-10-59/11791.txt,68,0.428097
0.8,6,10,59,benchmark/dup_dataset/alpha=0.8/6-10-59/11792.txt,8,0.050139
0.8,6,10,59,benchmark/dup_dataset/alpha=0.8/6-10-59/11793.txt,66,0.391512
0.8,6,10,59,benchmark/dup_dataset/alpha=0.8/6-10-59/11794.txt,84,0.482192
0.8,6,10,59,benchmark/dup_dataset/alpha=0.8/6-10-59/11795.txt,64,0.382573
0.8,6,10,59,benchmark/dup_dataset/alpha=0.8/6-10-59/11796.txt,74,0.42663
0.8,6,10,59,benchmark/dup_dataset/alpha=0.8/6-10-59/11797.txt,62,0.367466
0.8,6,10,59,benchmark/dup_dataset/alpha=0.8/6-10-59/11798.txt,76,0.434908
0.8,6,10,59,benchmark/dup_dataset/alpha=0.8/6-10-59/11799.txt,64,0.377714
0.8,6,10,59,benchmark/dup_dataset/alpha=0.8/6-10-59/11800.txt,58,0.362757
